code,value
黑龙江,3.401154265
黑龙江,2.557141415
黑龙江,4.592241186
黑龙江,1.817281561
黑龙江,2.765418145
黑龙江,3.009469423
黑龙江,2.060985118
黑龙江,1.574479896
黑龙江,0.531616967
黑龙江,3.775258897
黑龙江,3.064095292
黑龙江,1.926251503
黑龙江,3.40762621
黑龙江,2.357230516
黑龙江,1.762200292
黑龙江,1.979299796
黑龙江,2.744734902
黑龙江,2.742808158
黑龙江,0.681465977
黑龙江,2.430543969
黑龙江,2.161703664
黑龙江,-0.048824256
黑龙江,1.488035301
黑龙江,1.694351239
黑龙江,2.697303471
黑龙江,0.224103277
黑龙江,2.356389868
黑龙江,2.092113801
黑龙江,3.55983998
黑龙江,3.286691766
黑龙江,2.244104127
黑龙江,1.956776574
黑龙江,3.367512639
黑龙江,2.261327503
黑龙江,4.009078604
黑龙江,2.829112931
黑龙江,2.66930513
黑龙江,1.624036446
黑龙江,2.046217253
黑龙江,2.515246031
黑龙江,2.776217357
黑龙江,2.491102499
黑龙江,1.924305455
黑龙江,2.125754703
黑龙江,1.761883659
黑龙江,3.944416754
黑龙江,1.142333252
黑龙江,2.151421515
黑龙江,1.291782352
黑龙江,1.193749253
黑龙江,1.79737785
黑龙江,1.036737347
黑龙江,2.475486312
黑龙江,3.656482661
黑龙江,3.079712653
黑龙江,0.601451005
黑龙江,0.454677414
黑龙江,3.193084532
黑龙江,2.579323087
黑龙江,1.242269736
黑龙江,2.518598048
黑龙江,2.000195057
黑龙江,2.057955679
黑龙江,3.097009377
黑龙江,3.021715504
黑龙江,1.820771442
黑龙江,1.215506909
黑龙江,3.418012393
黑龙江,-0.26853467
黑龙江,2.182519656
黑龙江,2.978488692
黑龙江,1.876209144
黑龙江,0.497341248
黑龙江,2.824364818
黑龙江,3.032277048
黑龙江,5.731281574
黑龙江,3.021242502
黑龙江,1.730745749
黑龙江,3.138714653
黑龙江,2.121187809
黑龙江,2.026984746
黑龙江,2.115849254
黑龙江,3.269596709
黑龙江,1.99041909
黑龙江,3.207567909
黑龙江,2.480876451
黑龙江,2.596406919
黑龙江,3.804375675
黑龙江,2.236000399
黑龙江,2.39391925
黑龙江,1.618382618
黑龙江,4.282327401
黑龙江,1.523948257
黑龙江,2.87508019
黑龙江,1.239153308
黑龙江,3.527000702
黑龙江,1.386353485
黑龙江,2.641241129
黑龙江,3.073657226
黑龙江,1.987180747
新疆,1.844555002
新疆,-0.368069154
新疆,0.850734229
新疆,0.41989395
新疆,-1.170926185
新疆,-1.351052966
新疆,0.766371326
新疆,-1.324809423
新疆,0.25905317
新疆,2.114343198
新疆,0.022206432
新疆,0.526639287
新疆,-0.379694697
新疆,0.16621766
新疆,0.995650238
新疆,-0.596901001
新疆,1.613927335
新疆,-0.677981613
新疆,0.015384509
新疆,0.828674312
新疆,-1.649211728
新疆,0.867861441
新疆,-1.402786073
新疆,0.189992689
新疆,1.264783919
新疆,-0.182407028
新疆,-0.237720561
新疆,-0.723379114
新疆,0.455907216
新疆,1.851177992
新疆,-0.672646747
新疆,0.292154529
新疆,2.229771538
新疆,0.748602101
新疆,0.849750785
新疆,-0.122200948
新疆,0.340663225
新疆,-1.238739238
新疆,-0.362944918
新疆,1.379744206
新疆,0.262399587
新疆,0.797077556
新疆,1.613088262
新疆,1.201450094
新疆,0.312623237
新疆,1.214889749
新疆,-0.478876502
新疆,-0.065815266
新疆,-0.018864011
新疆,0.61139094
新疆,1.074182658
新疆,-0.712100413
新疆,1.384961504
新疆,0.155571614
新疆,0.868094996
新疆,0.401912299
新疆,0.745566097
新疆,-1.781073996
新疆,0.153365565
新疆,-1.170673005
新疆,-0.433299721
新疆,1.266031014
新疆,0.490894143
新疆,0.134560779
新疆,1.112879361
新疆,0.679279073
新疆,0.26682584
新疆,0.522360011
新疆,0.631227796
新疆,1.875691128
新疆,-0.774489668
新疆,-1.741019434
新疆,1.094141353
新疆,1.374723075
新疆,1.701195953
新疆,0.204007007
新疆,2.109101566
新疆,2.107326444
新疆,2.299684515
新疆,-0.234582046
新疆,1.227652038
新疆,0.857361668
新疆,0.499643674
新疆,-0.80470208
新疆,-0.196710067
新疆,-1.328442863
新疆,0.262354782
新疆,-0.260020134
新疆,-1.455264191
新疆,-1.916854725
新疆,0.174356216
新疆,2.133620268
新疆,0.267104112
新疆,-1.835368123
新疆,0.59756337
新疆,0.964356993
新疆,1.167957293
新疆,-1.308802195
新疆,0.422433239
新疆,-1.766889179
吉林,3.958099011
吉林,3.996528784
吉林,4.596266334
吉林,4.180635437
吉林,3.793953397
吉林,3.168517995
吉林,4.448613664
吉林,4.619132797
吉林,4.624617943
吉林,5.817183523
吉林,5.711499239
吉林,4.410559417
吉林,6.103521983
吉林,4.84095333
吉林,4.860457371
吉林,3.924242442
吉林,3.096314401
吉林,4.590113836
吉林,2.891022739
吉林,4.063987837
吉林,3.900161575
吉林,5.089947714
吉林,3.982546869
吉林,5.980415762
吉林,5.327060638
吉林,4.921927767
吉林,3.771655821
吉林,3.422049537
吉林,4.096505914
吉林,5.429620759
吉林,3.990356658
吉林,2.617539051
吉林,4.455989224
吉林,4.697107728
吉林,3.39869868
吉林,4.362384082
吉林,5.559752016
吉林,2.87345545
吉林,3.638121491
吉林,3.072426459
吉林,4.024272114
吉林,6.62215386
吉林,5.260687184
吉林,4.393775102
吉林,4.738775835
吉林,3.96993578
吉林,3.973298709
吉林,5.002310403
吉林,5.141309353
吉林,2.891520157
吉林,1.797806326
吉林,5.598512234
吉林,3.695519414
吉林,4.153093526
吉林,6.522073172
吉林,4.422755842
吉林,4.327420767
吉林,5.978269337
吉林,4.088545798
吉林,6.433731949
吉林,5.504961449
吉林,4.362520677
吉林,2.588907632
吉林,3.844823355
吉林,3.874292644
吉林,4.387722325
吉林,4.955009113
吉林,1.992693392
吉林,4.026171932
吉林,4.509265323
吉林,5.412951198
吉林,3.448119521
吉林,5.335601769
吉林,3.682234355
吉林,3.178668633
吉林,3.563475588
吉林,4.81628016
吉林,4.728009458
吉林,2.169020435
吉林,3.997737814
吉林,4.583017893
吉林,3.894638279
吉林,3.795921392
吉林,4.759244758
吉林,3.736328233
吉林,4.596571597
吉林,4.743157773
吉林,5.128678789
吉林,5.417539143
吉林,5.368136517
吉林,6.525259677
吉林,3.510052112
吉林,1.93459761
吉林,5.932185297
吉林,3.494906995
吉林,4.456611931
吉林,3.592645827
吉林,5.592071389
吉林,4.84365225
吉林,3.953506529
甘肃,8.60614941
甘肃,9.756650294
甘肃,9.125607587
甘肃,10.55914625
甘肃,8.719056505
甘肃,9.15011987
甘肃,7.965486186
甘肃,8.552381055
甘肃,10.46634598
甘肃,9.470987817
甘肃,7.09226677
甘肃,7.237891759
甘肃,8.020217713
甘肃,10.51078532
甘肃,9.017862471
甘肃,7.61483181
甘肃,9.2882776
甘肃,8.927311074
甘肃,10.08564322
甘肃,8.51191005
甘肃,7.423593732
甘肃,10.36313696
甘肃,8.363815595
甘肃,8.512119756
甘肃,9.46326431
甘肃,10.07832851
甘肃,8.878005052
甘肃,9.341378948
甘肃,9.103935124
甘肃,8.253488217
甘肃,9.334505996
甘肃,9.082179662
甘肃,9.230775408
甘肃,9.465972013
甘肃,9.720897975
甘肃,9.083203765
甘肃,9.680126407
甘肃,10.86036006
甘肃,8.928517624
甘肃,9.55943496
甘肃,9.473461483
甘肃,10.23177129
甘肃,9.500101912
甘肃,8.606009328
甘肃,9.020594374
甘肃,7.944234938
甘肃,6.641940649
甘肃,8.601976656
甘肃,6.025178122
甘肃,8.946938196
甘肃,9.818982989
甘肃,9.967448907
甘肃,8.726948706
甘肃,8.585279546
甘肃,8.16455955
甘肃,8.487100178
甘肃,10.98148278
甘肃,10.87951069
甘肃,10.07610708
甘肃,9.827033488
甘肃,8.961107701
甘肃,10.24094878
甘肃,9.196201286
甘肃,8.491339612
甘肃,8.210289243
甘肃,8.607493758
甘肃,9.016403103
甘肃,9.214141621
甘肃,8.993996677
甘肃,8.234965408
甘肃,9.08645832
甘肃,9.006693527
甘肃,8.719306156
甘肃,10.49146749
甘肃,8.572379276
甘肃,8.957552255
甘肃,8.835421908
甘肃,9.132648874
甘肃,9.732058396
甘肃,8.77323427
甘肃,8.595931499
甘肃,9.100363479
甘肃,8.33461056
甘肃,8.756317648
甘肃,8.802697012
甘肃,6.258154807
甘肃,9.496381659
甘肃,10.34863534
甘肃,9.68343884
甘肃,8.35831311
甘肃,8.517888536
甘肃,8.375843297
甘肃,9.13655898
甘肃,10.7502798
甘肃,8.860783389
甘肃,8.132600711
甘肃,9.225651988
甘肃,8.669701395
甘肃,10.42729929
甘肃,8.117383497
宁夏,-0.309323545
宁夏,-0.235525575
宁夏,-0.176723883
宁夏,0.048795445
宁夏,-0.954565204
宁夏,0.791573376
宁夏,0.607514768
宁夏,1.155157059
宁夏,0.782608762
宁夏,-0.687387437
宁夏,0.425000321
宁夏,0.025239579
宁夏,0.7044142
宁夏,0.359022973
宁夏,0.657454726
宁夏,2.257331362
宁夏,-0.321683776
宁夏,0.873321967
宁夏,2.281050955
宁夏,-0.572471171
宁夏,0.297006108
宁夏,0.946898305
宁夏,-0.378080496
宁夏,-1.255212732
宁夏,0.070469321
宁夏,0.518749989
宁夏,-0.433415558
宁夏,0.430072225
宁夏,0.962560365
宁夏,-1.099992017
宁夏,1.326955363
宁夏,0.964945485
宁夏,1.9832931
宁夏,-2.820850332
宁夏,0.492156605
宁夏,0.690520451
宁夏,1.657880005
宁夏,-0.739832459
宁夏,-0.063247895
宁夏,2.436082861
宁夏,1.523645382
宁夏,0.710982731
宁夏,0.239008424
宁夏,-1.4524988
宁夏,-0.358734864
宁夏,-0.219795438
宁夏,-0.221258154
宁夏,0.274403718
宁夏,-3.164028747
宁夏,0.678766939
宁夏,0.819598537
宁夏,2.186786598
宁夏,0.797869044
宁夏,1.770744687
宁夏,1.588329244
宁夏,-0.030167465
宁夏,1.394051467
宁夏,0.849679014
宁夏,1.226588403
宁夏,2.400187605
宁夏,-1.393043879
宁夏,0.205598243
宁夏,0.624410886
宁夏,0.574018521
宁夏,1.53328654
宁夏,-1.381841131
宁夏,-1.904716538
宁夏,0.462154399
宁夏,1.71152272
宁夏,1.560714255
宁夏,0.52232667
宁夏,0.796019784
宁夏,-0.070343728
宁夏,0.624378831
宁夏,0.570078819
宁夏,-0.602630624
宁夏,1.906365342
宁夏,-0.115362408
宁夏,0.187516972
宁夏,-1.49554982
宁夏,2.159266053
宁夏,-0.010889099
宁夏,-2.220561548
宁夏,0.046793853
宁夏,2.131861738
宁夏,-0.097831354
宁夏,1.301363289
宁夏,-0.828872849
宁夏,-1.130326912
宁夏,0.342957337
宁夏,-0.513419535
宁夏,0.4701881
宁夏,1.563252762
宁夏,0.69953017
宁夏,1.383543109
宁夏,0.647210167
宁夏,0.307819069
宁夏,0.316345196
宁夏,0.412420054
宁夏,-0.548363329
内蒙古,2.484439391
内蒙古,2.269708715
内蒙古,3.928410015
内蒙古,1.734847703
内蒙古,2.12999912
内蒙古,0.734525386
内蒙古,3.720555649
内蒙古,2.077040942
内蒙古,2.224639629
内蒙古,2.423307234
内蒙古,2.222565869
内蒙古,2.703532818
内蒙古,3.245489109
内蒙古,3.593504509
内蒙古,2.280673784
内蒙古,3.731104752
内蒙古,1.910603244
内蒙古,1.238529135
内蒙古,3.262782015
内蒙古,2.483998281
内蒙古,1.374624054
内蒙古,3.129583519
内蒙古,2.875384402
内蒙古,2.366503636
内蒙古,3.246402574
内蒙古,2.179933265
内蒙古,1.718955098
内蒙古,3.595022118
内蒙古,3.542552679
内蒙古,3.048696164
内蒙古,1.572885703
内蒙古,2.216627197
内蒙古,3.903352772
内蒙古,3.015231814
内蒙古,2.144746388
内蒙古,2.198466571
内蒙古,2.169671833
内蒙古,3.079696599
内蒙古,0.583141334
内蒙古,1.937985747
内蒙古,1.703227333
内蒙古,3.810997117
内蒙古,1.116674354
内蒙古,2.038177713
内蒙古,1.88335975
内蒙古,3.930554042
内蒙古,3.265012732
内蒙古,2.545175632
内蒙古,1.990424206
内蒙古,4.169322157
内蒙古,3.093157239
内蒙古,2.943719038
内蒙古,4.385243226
内蒙古,3.071186387
内蒙古,4.531058286
内蒙古,2.153324489
内蒙古,-0.389579499
内蒙古,2.472328507
内蒙古,2.63989369
内蒙古,1.821331628
内蒙古,2.46950478
内蒙古,3.466894253
内蒙古,2.10663676
内蒙古,4.732877238
内蒙古,3.315570946
内蒙古,0.970917056
内蒙古,1.336977122
内蒙古,4.086265976
内蒙古,2.349119431
内蒙古,2.986218823
内蒙古,2.837856207
内蒙古,2.126416235
内蒙古,3.210373516
内蒙古,2.907950577
内蒙古,3.407507315
内蒙古,3.120853259
内蒙古,2.490085275
内蒙古,2.629556185
内蒙古,2.202563001
内蒙古,1.98661183
内蒙古,2.013533141
内蒙古,1.973536034
内蒙古,1.881694621
内蒙古,2.24346904
内蒙古,1.700617988
内蒙古,1.225525842
内蒙古,2.252744888
内蒙古,3.208657232
内蒙古,2.624210053
内蒙古,3.757884814
内蒙古,3.054863701
内蒙古,1.842140184
内蒙古,3.314653448
内蒙古,1.853902839
内蒙古,4.216923153
内蒙古,1.809567592
内蒙古,1.674948833
内蒙古,3.265353709
内蒙古,2.822765745
内蒙古,2.908556836
河北,8.255485017
河北,7.231930122
河北,4.902056577
河北,8.04059329
河北,6.40117908
河北,7.01056031
河北,5.625689928
河北,6.92290018
河北,5.81410963
河北,8.070723677
河北,7.006199435
河北,6.80586725
河北,5.635500687
河北,6.556115741
河北,7.350393306
河北,6.705001028
河北,4.842887852
河北,7.096039909
河北,8.469325702
河北,5.956138484
河北,8.033285347
河北,5.598893872
河北,9.594501622
河北,7.657459801
河北,6.566348695
河北,4.836646169
河北,8.211332589
河北,9.08952183
河北,6.120496197
河北,6.026582892
河北,7.698743693
河北,6.933146417
河北,6.484529708
河北,7.130548195
河北,6.048504622
河北,5.796531707
河北,7.369294145
河北,5.743954444
河北,6.745190901
河北,8.481557703
河北,6.211187754
河北,5.610781496
河北,7.028040178
河北,7.81121937
河北,7.957489426
河北,6.594546132
河北,5.071878003
河北,6.813750472
河北,8.03024701
河北,6.811671058
河北,7.838928372
河北,6.623135054
河北,7.82072207
河北,6.688951936
河北,6.494626509
河北,5.794655314
河北,7.629054026
河北,6.789657351
河北,7.811013115
河北,6.079200547
河北,4.750550227
河北,4.915419792
河北,6.39904606
河北,5.952651132
河北,7.90748547
河北,6.286014154
河北,6.68755288
河北,6.350101024
河北,6.178227268
河北,6.875934561
河北,6.863725572
河北,8.999581568
河北,8.446012745
河北,6.935127917
河北,7.035541908
河北,6.17175025
河北,7.209195279
河北,6.866789375
河北,6.77405465
河北,5.248378452
河北,7.746347481
河北,8.793935614
河北,6.337604424
河北,7.197195295
河北,7.22071631
河北,6.622253607
河北,7.045817073
河北,7.115330242
河北,5.843464429
河北,6.715476975
河北,7.006651393
河北,5.946634473
河北,6.74600538
河北,4.896377768
河北,8.199395892
河北,6.525202109
河北,7.481788652
河北,8.048880915
河北,7.362677728
河北,6.575102911
北京,5.482695361
北京,5.433716434
北京,6.559762871
北京,4.978000553
北京,6.716998566
北京,7.231528399
北京,5.092328208
北京,5.270119361
北京,5.507686894
北京,6.125272222
北京,4.141459048
北京,5.101235628
北京,4.620404676
北京,6.347075301
北京,6.193574623
北京,5.159413912
北京,4.481525867
北京,5.362757822
北京,4.869452067
北京,3.397809964
北京,6.015356659
北京,6.478877883
北京,4.531841225
北京,4.592599843
北京,5.304003793
北京,4.18666075
北京,4.71891751
北京,4.291938071
北京,6.560711492
北京,6.754725478
北京,4.56514338
北京,4.560414261
北京,5.255433995
北京,5.870116262
北京,6.085523915
北京,5.988417193
北京,4.430737019
北京,4.849953512
北京,5.671823611
北京,3.989774231
北京,5.644930313
北京,3.009109539
北京,4.256322654
北京,4.434719216
北京,4.600887501
北京,4.581513739
北京,4.853746476
北京,4.606496766
北京,4.702272472
北京,3.854742287
北京,4.905521453
北京,4.508336689
北京,2.836876515
北京,7.819675941
北京,3.85377233
北京,4.66379299
北京,3.195216899
北京,4.627825504
北京,4.127646754
北京,5.573493585
北京,4.464644695
北京,5.889546028
北京,4.047146594
北京,6.796792997
北京,6.159292776
北京,3.455258118
北京,3.873878579
北京,2.807738733
北京,5.3092617
北京,4.76572803
北京,4.651946301
北京,5.38465279
北京,5.646084549
北京,4.93636703
北京,5.252106074
北京,7.392308078
北京,4.682739014
北京,5.844857388
北京,5.368096476
北京,5.021414445
北京,5.343922682
北京,3.609252327
北京,5.078982762
北京,5.215194028
北京,4.736532899
北京,3.829882123
北京,4.966774639
北京,4.454664453
北京,5.119416619
北京,4.464138493
北京,3.381508641
北京,5.131268843
北京,6.379157201
北京,4.405978746
北京,3.403768596
北京,5.789174852
北京,3.347251468
北京,4.655727097
北京,5.444029176
北京,4.402505297
辽宁,0.829592487
辽宁,2.290226241
辽宁,3.253176097
辽宁,2.756488008
辽宁,1.54419148
辽宁,1.501099238
辽宁,2.31157908
辽宁,1.172324823
辽宁,1.28406124
辽宁,1.350174515
辽宁,1.347058471
辽宁,1.600947491
辽宁,1.617261451
辽宁,1.996200725
辽宁,2.305308686
辽宁,3.103563284
辽宁,2.279438294
辽宁,-0.375425871
辽宁,1.940194642
辽宁,0.739909945
辽宁,2.706113078
辽宁,0.492058247
辽宁,1.342303043
辽宁,2.549566524
辽宁,0.434884942
辽宁,-0.368263756
辽宁,1.116424345
辽宁,2.672177574
辽宁,1.453342116
辽宁,1.785380374
辽宁,2.294149792
辽宁,0.660248513
辽宁,0.574892389
辽宁,3.102639671
辽宁,1.049426583
辽宁,2.018445153
辽宁,2.703599064
辽宁,2.545206303
辽宁,1.829903055
辽宁,2.404888723
辽宁,1.565163768
辽宁,1.854765427
辽宁,2.444802531
辽宁,1.353689168
辽宁,3.174630546
辽宁,0.1122118
辽宁,2.504045696
辽宁,3.158877228
辽宁,1.407593482
辽宁,2.118807322
辽宁,2.566081827
辽宁,1.648518732
辽宁,1.778301816
辽宁,3.066445477
辽宁,1.479518341
辽宁,2.365553064
辽宁,0.842177192
辽宁,3.151018767
辽宁,1.851845966
辽宁,2.383841817
辽宁,2.426814797
辽宁,2.342469439
辽宁,1.634692952
辽宁,2.880981133
辽宁,2.531667004
辽宁,1.684176313
辽宁,0.747083771
辽宁,1.454889982
辽宁,2.148745346
辽宁,0.967542583
辽宁,0.670547671
辽宁,2.647803794
辽宁,2.884353189
辽宁,3.504718917
辽宁,2.21990674
辽宁,2.729512471
辽宁,2.129920693
辽宁,1.180876671
辽宁,2.61092812
辽宁,3.42070922
辽宁,3.230366239
辽宁,0.515707496
辽宁,-0.188642277
辽宁,1.996891321
辽宁,2.076803626
辽宁,1.197869292
辽宁,1.459337571
辽宁,2.357932139
辽宁,1.65400694
辽宁,-0.499008709
辽宁,2.011727866
辽宁,2.282484323
辽宁,0.3054738
辽宁,2.747548238
辽宁,1.15802964
辽宁,2.270206865
辽宁,2.914095016
辽宁,1.839138042
辽宁,3.303369048
辽宁,1.884408685
青海,7.91235959
青海,6.761035927
青海,6.27979632
青海,5.700654412
青海,7.209794223
青海,6.956406559
青海,6.293495379
青海,4.901106323
青海,6.313007968
青海,7.666474775
青海,8.178385149
青海,5.662645928
青海,6.853213378
青海,6.451603819
青海,7.802788707
青海,6.798285339
青海,9.161871628
青海,6.892442195
青海,7.685577492
青海,7.605744339
青海,8.30895728
青海,6.395335713
青海,7.610367402
青海,7.508565607
青海,8.745756439
青海,9.249486043
青海,7.43890651
青海,7.756422376
青海,7.316377949
青海,7.114394521
青海,7.815414259
青海,7.357757401
青海,6.750390444
青海,6.663331578
青海,7.002348327
青海,7.62441803
青海,5.473866203
青海,5.751048217
青海,5.303702385
青海,4.895778193
青海,7.771798343
青海,7.87187895
青海,7.913755728
青海,6.083882248
青海,8.705050277
青海,7.176567146
青海,6.873528807
青海,6.641814878
青海,7.024227325
青海,7.565265998
青海,4.704121666
青海,6.21171138
青海,7.99692992
青海,5.808293529
青海,9.106549308
青海,8.383925821
青海,8.025264275
青海,6.51761281
青海,7.385162592
青海,7.039043009
青海,9.158581311
青海,9.049398633
青海,6.221998186
青海,8.646572823
青海,7.834339711
青海,8.010230392
青海,7.317986718
青海,5.331565557
青海,8.545684585
青海,8.312228709
青海,8.822708459
青海,7.956746166
青海,8.209456966
青海,7.876908986
青海,8.214081817
青海,8.135868815
青海,5.960772887
青海,7.528267707
青海,8.143697298
青海,7.345358695
青海,7.475104731
青海,3.947205031
青海,6.83347602
青海,6.858677558
青海,6.970065176
青海,7.313537127
青海,7.52834483
青海,7.903637401
青海,6.347059192
青海,7.847959683
青海,7.281678727
青海,8.475331635
青海,8.711598737
青海,6.023763158
青海,6.815908381
青海,8.09406414
青海,8.158924739
青海,7.298070895
青海,7.748027101
青海,8.726297849
陕西,9.152774308
陕西,6.839748256
陕西,6.775717633
陕西,8.188644984
陕西,6.186952643
陕西,6.209011858
陕西,6.508751791
陕西,6.746653904
陕西,8.899313878
陕西,8.109795717
陕西,7.944051909
陕西,5.63318281
陕西,8.241024599
陕西,6.323214055
陕西,8.020947353
陕西,7.743721734
陕西,6.634319242
陕西,6.198119673
陕西,8.050108137
陕西,7.645028064
陕西,8.418175013
陕西,9.189820972
陕西,7.650611434
陕西,8.181626079
陕西,6.472456316
陕西,8.820370703
陕西,7.723775288
陕西,7.536964289
陕西,6.122450274
陕西,7.75067233
陕西,7.99109888
陕西,6.815691833
陕西,9.151359113
陕西,6.542996492
陕西,7.54777756
陕西,6.616248994
陕西,7.584459478
陕西,6.85672677
陕西,7.067204005
陕西,7.407717218
陕西,5.235516892
陕西,6.52284852
陕西,5.809326981
陕西,6.491327421
陕西,7.094779493
陕西,6.327647795
陕西,6.392428584
陕西,6.892402993
陕西,5.306158749
陕西,6.379561238
陕西,8.900932765
陕西,6.904866631
陕西,6.836835611
陕西,6.379526656
陕西,6.3713565
陕西,7.748772095
陕西,9.156735212
陕西,7.521886617
陕西,5.888111937
陕西,8.119132107
陕西,5.686997893
陕西,7.015443506
陕西,8.265603272
陕西,6.388535227
陕西,7.507290565
陕西,6.415404688
陕西,7.613212162
陕西,6.466900969
陕西,7.896321031
陕西,7.544734258
陕西,7.500155919
陕西,6.751761873
陕西,6.700664136
陕西,6.776225433
陕西,5.419892353
陕西,5.837904198
陕西,7.145713834
陕西,7.432919258
陕西,7.820274163
陕西,7.900707892
陕西,6.837494668
陕西,8.280244151
陕西,7.139302319
陕西,7.762430319
陕西,6.879091983
陕西,7.895749797
陕西,7.291889272
陕西,6.44234064
陕西,7.609415092
陕西,6.298409201
陕西,6.02812119
陕西,5.882169232
陕西,8.262311814
陕西,7.317485415
陕西,5.997891885
陕西,9.015872359
陕西,5.97879477
陕西,7.97603395
陕西,6.935041227
陕西,5.493193567
山西,10.53812339
山西,7.470814093
山西,8.387652823
山西,9.1213435
山西,8.821789883
山西,8.890640816
山西,8.794229239
山西,10.14206165
山西,9.321750035
山西,8.146301336
山西,9.098128676
山西,11.35007504
山西,10.27244765
山西,8.493723839
山西,10.85321812
山西,8.097360132
山西,9.121164885
山西,10.47762685
山西,9.411969127
山西,10.93752325
山西,11.09199642
山西,10.24222801
山西,9.262145921
山西,9.448159106
山西,10.15401069
山西,8.385563201
山西,8.37944991
山西,11.32521953
山西,8.411968725
山西,8.586775596
山西,9.462640639
山西,10.92396962
山西,7.687656537
山西,7.748521737
山西,9.004493909
山西,9.326042279
山西,10.61048784
山西,8.700971157
山西,6.186850375
山西,9.038751037
山西,9.797003665
山西,9.653258112
山西,10.44120867
山西,9.128249355
山西,8.685644663
山西,9.834920823
山西,9.75100489
山西,7.826664427
山西,9.306384907
山西,9.594771138
山西,8.260260305
山西,9.091312704
山西,7.668576688
山西,8.846776709
山西,8.155162831
山西,8.013832766
山西,9.240264648
山西,8.77304297
山西,8.451866085
山西,10.39229927
山西,9.888425729
山西,9.940060818
山西,9.828821926
山西,9.831582325
山西,9.037117545
山西,10.92567042
山西,8.314858974
山西,8.772356949
山西,9.324796404
山西,9.30262354
山西,11.30134999
山西,8.98947522
山西,10.83955512
山西,9.553419398
山西,9.878674824
山西,9.578217909
山西,8.69539963
山西,10.98454447
山西,9.552899548
山西,10.87358873
山西,9.660951383
山西,7.639546277
山西,9.507516434
山西,8.106235825
山西,9.986802131
山西,10.40868801
山西,9.041422664
山西,8.860243447
山西,8.946820225
山西,9.191255399
山西,10.97535658
山西,9.007288931
山西,9.55219511
山西,8.207354525
山西,8.91761343
山西,11.07425455
山西,10.27594312
山西,9.547041503
山西,8.167341566
山西,9.925163479
河南,6.900897453
河南,6.555433656
河南,6.08277281
河南,5.838887046
河南,5.93071667
河南,6.032495542
河南,7.586236044
河南,5.598571218
河南,5.951978427
河南,5.262521359
河南,5.70763765
河南,6.052262273
河南,6.01486434
河南,6.907100105
河南,6.54386385
河南,6.739603718
河南,6.370419317
河南,3.99568092
河南,6.469838421
河南,7.367651884
河南,5.728225506
河南,6.581476949
河南,6.61931179
河南,5.767727717
河南,6.032090959
河南,7.349581154
河南,6.120007058
河南,6.104751358
河南,6.551741012
河南,4.487835876
河南,8.699249435
河南,6.791021661
河南,6.265986072
河南,5.87152619
河南,5.792849274
河南,6.443453677
河南,8.649354315
河南,6.011773353
河南,5.753225705
河南,4.365713725
河南,5.193674265
河南,5.558818355
河南,4.615859744
河南,7.016950516
河南,5.498301827
河南,6.617163178
河南,7.683286907
河南,5.733437881
河南,8.87267893
河南,6.524565429
河南,5.947166316
河南,5.842650722
河南,4.886432062
河南,6.541177358
河南,5.310442528
河南,6.716047078
河南,6.138708683
河南,8.368348791
河南,7.18548856
河南,5.216090697
河南,8.018464297
河南,8.611668119
河南,5.910891978
河南,5.861459457
河南,4.765030409
河南,6.235717333
河南,5.399570512
河南,8.974028817
河南,7.252331868
河南,4.462361025
河南,6.013305649
河南,5.429367411
河南,5.963776412
河南,6.172190557
河南,5.053090361
河南,6.446148713
河南,5.420685008
河南,7.378091383
河南,5.853331996
河南,5.470253502
河南,8.209250463
河南,4.93926587
河南,5.729782722
河南,4.553174089
河南,6.642001643
河南,9.107014324
河南,4.275927681
河南,4.976153817
河南,6.308594258
河南,5.031514428
河南,6.658374805
河南,6.4652773
河南,6.15079345
河南,6.271634541
河南,5.349664843
河南,5.548976908
河南,6.026174676
河南,6.406134532
河南,6.851897705
河南,5.99711375
天津,3.064427181
天津,4.683866116
天津,4.481778738
天津,3.090956758
天津,5.212678858
天津,3.26266463
天津,3.449370363
天津,3.787374875
天津,3.638946755
天津,2.177273034
天津,4.20833068
天津,3.69712034
天津,4.48952543
天津,4.015075847
天津,4.604286981
天津,2.136894311
天津,5.297273413
天津,4.518491967
天津,3.056529567
天津,1.615099025
天津,5.126815861
天津,3.05622046
天津,3.704820086
天津,2.322346586
天津,3.688632915
天津,2.665509592
天津,2.741993564
天津,2.852039749
天津,6.795096271
天津,1.836316431
天津,3.727452212
天津,3.554258681
天津,4.477466618
天津,4.886841689
天津,1.351951432
天津,4.107343374
天津,2.50049018
天津,4.346999862
天津,4.10323674
天津,3.90394684
天津,6.787556751
天津,2.736544262
天津,2.953756785
天津,2.101582656
天津,1.935848067
天津,3.381843715
天津,3.909334877
天津,2.275843541
天津,3.910645807
天津,3.182735734
天津,4.55033728
天津,3.421510302
天津,3.331678085
天津,3.687267772
天津,2.756444026
天津,2.540346654
天津,3.203795941
天津,1.745695998
天津,2.119447621
天津,3.321329657
天津,5.4855978
天津,2.219870516
天津,4.857706521
天津,4.940711468
天津,4.341739243
天津,3.781263645
天津,2.215467293
天津,3.496558692
天津,3.659114936
天津,2.615008812
天津,4.423146849
天津,4.375150883
天津,2.89710761
天津,3.007481754
天津,2.936198304
天津,3.334136979
天津,4.437241861
天津,4.429080476
天津,3.51747008
天津,3.586131056
天津,3.724176371
天津,3.431467251
天津,4.075294537
天津,4.017693932
天津,3.346244698
天津,2.269288619
天津,5.01573679
天津,4.212753663
天津,3.958013962
天津,4.705197264
天津,5.254965839
天津,3.552043249
天津,3.744308765
天津,4.592504376
天津,3.329003915
天津,3.691934795
天津,3.179548771
天津,4.242467045
天津,3.68439646
天津,5.005408085
西藏,2.581782553
西藏,3.95533563
西藏,1.515203658
西藏,2.652386511
西藏,1.109746986
西藏,1.652766726
西藏,3.864128279
西藏,2.676291382
西藏,1.248345426
西藏,2.914015311
西藏,1.995182539
西藏,2.53611122
西藏,1.072636995
西藏,1.953948209
西藏,2.806329015
西藏,0.854264923
西藏,1.914235095
西藏,2.849878923
西藏,2.454105768
西藏,2.338515623
西藏,1.206889714
西藏,1.442114793
西藏,2.184003274
西藏,1.796218554
西藏,2.985502941
西藏,1.621786411
西藏,2.898269383
西藏,3.551602237
西藏,3.046492651
西藏,0.420784081
西藏,2.620225074
西藏,2.314867168
西藏,0.814950515
西藏,1.214829997
西藏,2.077913886
西藏,1.875406908
西藏,1.720233474
西藏,1.792812992
西藏,2.180836171
西藏,1.918398558
西藏,1.385118428
西藏,2.074242848
西藏,1.003038784
西藏,1.523867284
西藏,3.04650542
西藏,3.857517297
西藏,0.983355266
西藏,2.432892539
西藏,2.698862875
西藏,3.523664947
西藏,2.372693392
西藏,1.266917085
西藏,2.998499764
西藏,2.068837122
西藏,2.535188236
西藏,3.424587387
西藏,1.967436728
西藏,1.686758019
西藏,2.816767267
西藏,0.406774894
西藏,2.9757919
西藏,3.032493187
西藏,0.239451643
西藏,-0.516966517
西藏,1.777384377
西藏,0.736662425
西藏,2.623648992
西藏,3.556786044
西藏,0.456098618
西藏,1.665248218
西藏,2.799406653
西藏,4.015524177
西藏,2.619223724
西藏,1.475534999
西藏,2.454819284
西藏,1.630247716
西藏,1.184259003
西藏,2.243728708
西藏,1.214084937
西藏,2.601948627
西藏,1.334183944
西藏,0.559703218
西藏,4.655856603
西藏,2.890151689
西藏,1.250923425
西藏,2.916210405
西藏,2.836139401
西藏,1.612808874
西藏,0.072536659
西藏,1.528519133
西藏,2.910769242
西藏,1.477827582
西藏,2.582946332
西藏,1.355474785
西藏,0.808883663
西藏,1.79250157
西藏,1.313899236
西藏,2.212895308
西藏,0.646606228
西藏,3.114608215
四川,8.527591164
四川,7.190235059
四川,8.349848644
四川,8.097954657
四川,7.96857114
四川,7.462505142
四川,8.532986257
四川,4.812614
四川,7.315941128
四川,6.582785854
四川,5.197661661
四川,6.894932044
四川,6.519585975
四川,6.417038403
四川,7.056375157
四川,7.861283784
四川,7.829157535
四川,7.720736297
四川,6.291774622
四川,6.515299543
四川,7.535825701
四川,5.967533616
四川,6.886834133
四川,6.842048313
四川,6.165677986
四川,5.822453214
四川,7.343165191
四川,7.580534611
四川,7.206597237
四川,8.194087577
四川,5.886209364
四川,6.378976116
四川,7.503909113
四川,6.88127572
四川,7.343530759
四川,7.1464932
四川,8.811406022
四川,6.419969458
四川,8.501262722
四川,6.873193914
四川,6.623717294
四川,8.926125339
四川,7.898623836
四川,7.378776823
四川,7.949698813
四川,8.756511032
四川,9.872416221
四川,6.907571455
四川,7.060625063
四川,7.131445131
四川,6.961736558
四川,7.14467813
四川,7.453226596
四川,5.576803962
四川,7.882394298
四川,7.511171119
四川,6.314107407
四川,5.284017679
四川,7.10366199
四川,7.359912677
四川,7.87009764
四川,8.588297848
四川,5.8177279
四川,7.93384844
四川,7.358814848
四川,5.069716432
四川,7.776072382
四川,8.34224384
四川,9.397302702
四川,6.780173525
四川,5.009060896
四川,7.610264848
四川,6.207138504
四川,6.217352735
四川,5.690712583
四川,7.175215622
四川,7.462572178
四川,7.468492797
四川,7.651173369
四川,7.143949524
四川,6.896592681
四川,7.591712782
四川,7.052191383
四川,8.909526866
四川,6.503618652
四川,5.588371695
四川,8.593686873
四川,8.73666096
四川,6.349356483
四川,6.454292008
四川,6.574287461
四川,8.0576517
四川,7.445715405
四川,8.213106891
四川,9.088508566
四川,6.872912644
四川,6.352526748
四川,7.062696707
四川,6.790916927
四川,6.56151578
重庆,5.158722962
重庆,4.455007614
重庆,5.821830001
重庆,1.83499568
重庆,4.970018657
重庆,5.470641286
重庆,4.193942872
重庆,3.63222929
重庆,4.38790042
重庆,4.296677974
重庆,5.219405236
重庆,5.406766302
重庆,6.272369642
重庆,5.083352173
重庆,4.27602767
重庆,5.875457912
重庆,4.924471428
重庆,5.924285301
重庆,4.256044667
重庆,4.64755143
重庆,6.324406255
重庆,5.482879946
重庆,4.477819312
重庆,5.866460525
重庆,5.561668987
重庆,5.236583133
重庆,4.261358576
重庆,5.857563509
重庆,5.199076084
重庆,4.262492459
重庆,4.616290183
重庆,5.849648964
重庆,4.863456073
重庆,6.356531503
重庆,5.085626427
重庆,4.077869285
重庆,4.935779242
重庆,5.871885754
重庆,5.214330476
重庆,6.875886041
重庆,4.507677956
重庆,4.894279668
重庆,4.889013006
重庆,5.568213885
重庆,4.44273864
重庆,5.126860839
重庆,6.684902272
重庆,6.581056241
重庆,4.940893873
重庆,5.572008859
重庆,3.12907884
重庆,5.976870194
重庆,5.018777463
重庆,5.247175818
重庆,4.214399589
重庆,6.192658023
重庆,6.257105712
重庆,5.724513013
重庆,5.019314102
重庆,4.898200021
重庆,6.37417856
重庆,4.554439605
重庆,6.766548779
重庆,4.684584379
重庆,4.277191389
重庆,4.967856037
重庆,4.504839606
重庆,6.199072276
重庆,5.702740846
重庆,5.786370372
重庆,4.761469444
重庆,1.963265129
重庆,4.598373875
重庆,3.61513187
重庆,5.928126372
重庆,5.772918516
重庆,5.006896009
重庆,7.191698777
重庆,5.782193623
重庆,6.935476926
重庆,6.937875721
重庆,4.761718725
重庆,4.038888341
重庆,5.917142817
重庆,4.181630832
重庆,6.285644705
重庆,3.77302908
重庆,4.366150999
重庆,2.658325894
重庆,4.697599674
重庆,5.123992812
重庆,8.041396295
重庆,4.492962852
重庆,5.214310759
重庆,4.092866743
重庆,6.132867511
重庆,5.141298155
重庆,5.399055344
重庆,3.867733836
重庆,4.61650592
湖北,1.043244084
湖北,0.998246875
湖北,2.288985631
湖北,1.103167899
湖北,0.873347765
湖北,0.375228198
湖北,-0.176775527
湖北,-0.200235081
湖北,0.596272368
湖北,1.106086648
湖北,2.538989117
湖北,1.755997682
湖北,1.555696155
湖北,1.576949943
湖北,-0.246085118
湖北,2.527783202
湖北,0.615922497
湖北,3.588121053
湖北,0.014074371
湖北,0.702390737
湖北,1.982873154
湖北,0.896514224
湖北,2.237668483
湖北,0.994431214
湖北,-0.531625529
湖北,1.444355047
湖北,1.572805534
湖北,1.027970728
湖北,1.741208231
湖北,1.642843092
湖北,0.736272892
湖北,1.662657928
湖北,0.98912054
湖北,0.900793847
湖北,-0.128080452
湖北,1.81819843
湖北,1.553414164
湖北,1.201128347
湖北,0.60034074
湖北,0.372695391
湖北,0.639900335
湖北,1.141175951
湖北,0.397580131
湖北,2.369196624
湖北,-0.022687266
湖北,2.19549157
湖北,1.098403145
湖北,0.758032478
湖北,1.221352857
湖北,0.401759384
湖北,1.775798417
湖北,-0.697712234
湖北,2.195315851
湖北,1.047082784
湖北,-0.083281648
湖北,0.893610259
湖北,0.335163688
湖北,-0.70185088
湖北,0.565576303
湖北,2.588856583
湖北,-1.132284292
湖北,0.503347708
湖北,0.589792811
湖北,2.103432937
湖北,-0.106713924
湖北,0.479387628
湖北,0.614352308
湖北,1.642113559
湖北,0.901891948
湖北,1.887925131
湖北,-0.627660913
湖北,0.473876118
湖北,0.766145937
湖北,1.788014185
湖北,-0.039066852
湖北,-0.278627207
湖北,-0.790576653
湖北,2.686071847
湖北,1.520975292
湖北,-0.051658446
湖北,0.132464738
湖北,1.178849227
湖北,1.733542176
湖北,2.630276832
湖北,-1.088992127
湖北,-0.239024411
湖北,1.824648298
湖北,0.178832825
湖北,1.907100814
湖北,1.260192832
湖北,2.089895879
湖北,0.913990842
湖北,2.940876844
湖北,-0.097342508
湖北,0.120763999
湖北,0.593615078
湖北,0.316667207
湖北,0.007130884
湖北,1.433667899
湖北,-0.150962723
安徽,0.676571863
安徽,2.645379585
安徽,2.1841785
安徽,0.547919077
安徽,2.528992674
安徽,0.460271212
安徽,3.429189281
安徽,2.318179316
安徽,2.665024512
安徽,2.474199221
安徽,1.350654646
安徽,1.937132719
安徽,1.686994619
安徽,1.95673759
安徽,0.904097053
安徽,1.378968585
安徽,0.720224043
安徽,2.476801368
安徽,2.859516575
安徽,2.550186102
安徽,2.739303431
安徽,1.838271864
安徽,-0.000832113
安徽,0.390238176
安徽,1.395573
安徽,3.212540637
安徽,1.868375133
安徽,1.14692929
安徽,1.391110393
安徽,1.978258358
安徽,0.41758126
安徽,1.74116739
安徽,1.589253683
安徽,0.997419591
安徽,2.651232652
安徽,-0.557790155
安徽,1.994417898
安徽,2.248663032
安徽,1.772813312
安徽,1.59798852
安徽,3.174746841
安徽,2.493388352
安徽,4.218839646
安徽,0.236010714
安徽,0.667739148
安徽,1.049794812
安徽,1.894916533
安徽,1.882068507
安徽,2.274588193
安徽,3.483153387
安徽,0.166680809
安徽,2.253226156
安徽,1.579783938
安徽,0.825340325
安徽,1.814821313
安徽,2.030679017
安徽,0.897330839
安徽,2.037412753
安徽,3.513658499
安徽,1.680971449
安徽,1.184250647
安徽,3.133886331
安徽,0.401173871
安徽,-0.940905064
安徽,0.500769346
安徽,4.661540353
安徽,2.073683911
安徽,0.682712158
安徽,2.44307595
安徽,0.40370297
安徽,2.52457182
安徽,1.305315583
安徽,2.609540939
安徽,0.648644849
安徽,1.181565084
安徽,1.556451518
安徽,2.850731061
安徽,2.353426893
安徽,1.063932944
安徽,2.774023046
安徽,1.963705307
安徽,2.044765877
安徽,1.151161262
安徽,1.8196612
安徽,0.712550126
安徽,0.562990714
安徽,2.765826045
安徽,2.264844683
安徽,2.028708968
安徽,0.499741793
安徽,1.999911057
安徽,1.818023789
安徽,1.101921661
安徽,1.006380664
安徽,0.32403707
安徽,0.044373905
安徽,-0.395193879
安徽,0.379066183
安徽,2.145169739
安徽,0.720841067
山东,3.637698364
山东,2.410823159
山东,6.164144077
山东,5.175361551
山东,2.963423054
山东,4.885208251
山东,4.759579465
山东,5.23651951
山东,3.630924857
山东,3.453486516
山东,4.311684929
山东,5.943364043
山东,3.379632442
山东,2.775250764
山东,3.189637683
山东,3.391403815
山东,2.185675581
山东,4.18070495
山东,4.82292401
山东,3.866066003
山东,5.666758956
山东,4.773927763
山东,3.580957546
山东,4.472377527
山东,4.654684342
山东,2.659036998
山东,3.387417915
山东,4.521728875
山东,3.830377247
山东,4.067307635
山东,5.291684487
山东,2.395147582
山东,4.078866412
山东,3.960804752
山东,3.09346217
山东,3.293125201
山东,3.134450631
山东,5.476521308
山东,4.35519619
山东,5.303181885
山东,3.640317913
山东,3.645452705
山东,4.632958743
山东,3.047703313
山东,3.815377244
山东,2.760107806
山东,4.036762456
山东,2.365034099
山东,3.430898668
山东,4.10535503
山东,4.812404025
山东,1.973521731
山东,4.990332168
山东,3.512087784
山东,4.543756118
山东,3.576671075
山东,5.379203779
山东,3.634533754
山东,2.312488407
山东,3.323571061
山东,2.815644189
山东,2.856857929
山东,5.088189591
山东,3.914129166
山东,3.600881209
山东,5.166862429
山东,3.974519232
山东,4.707688904
山东,4.353455632
山东,2.725405574
山东,5.352956076
山东,3.575288006
山东,3.278638064
山东,4.20620625
山东,3.675174763
山东,3.939446182
山东,2.103137312
山东,3.348482742
山东,5.410871972
山东,4.773735416
山东,3.770331284
山东,3.612085814
山东,5.287986931
山东,3.602852847
山东,4.883635033
山东,2.735022641
山东,4.196782946
山东,3.730031571
山东,3.043138691
山东,3.631515039
山东,4.93965228
山东,5.135309973
山东,3.932331779
山东,3.238136485
山东,2.847714036
山东,2.429579349
山东,4.486793124
山东,4.360590385
山东,3.521013401
山东,3.748485205
云南,8.487747713
云南,8.647595887
云南,10.26720543
云南,7.313577704
云南,8.189341112
云南,8.613975664
云南,9.879380982
云南,9.868231552
云南,7.446913576
云南,8.809292685
云南,10.15121226
云南,8.713278497
云南,9.478550053
云南,9.10265022
云南,9.079232592
云南,9.832212731
云南,8.871988709
云南,10.64032172
云南,8.898289466
云南,9.140982488
云南,11.46126021
云南,10.07182045
云南,9.789572222
云南,8.913232693
云南,10.20448588
云南,8.145406266
云南,7.863420182
云南,9.002048967
云南,11.41694386
云南,11.34200349
云南,11.84113305
云南,9.206907187
云南,9.59231953
云南,8.890296196
云南,8.920514204
云南,12.96258279
云南,8.362679241
云南,9.845968366
云南,8.825910624
云南,9.154608541
云南,10.77740319
云南,10.38190073
云南,9.601143671
云南,8.444711075
云南,8.931171236
云南,9.817109635
云南,11.72235957
云南,10.93854015
云南,8.206744636
云南,9.210582876
云南,9.378362625
云南,10.05022946
云南,8.73501953
云南,9.485662887
云南,9.88249395
云南,8.935400684
云南,8.857734772
云南,9.736122149
云南,8.561785242
云南,10.65582275
云南,10.25495443
云南,10.23894557
云南,8.697280129
云南,10.0241622
云南,10.43180767
云南,9.635320105
云南,9.188798819
云南,9.36440914
云南,8.1896478
云南,10.30524634
云南,9.147089462
云南,10.07371071
云南,9.545014799
云南,9.726222762
云南,8.998566697
云南,11.40934063
云南,9.62412496
云南,11.32392053
云南,10.20228686
云南,9.142805942
云南,7.580751504
云南,11.20817594
云南,10.13604145
云南,9.064247759
云南,9.875119942
云南,9.903177658
云南,10.83533177
云南,8.586596433
云南,9.131747926
云南,8.703482327
云南,9.233908232
云南,11.23764278
云南,10.24095114
云南,9.517353335
云南,9.033122397
云南,10.0291127
云南,10.37566258
云南,9.307908931
云南,10.07172086
云南,9.397615015
贵州,7.143806045
贵州,5.922276921
贵州,7.238735872
贵州,5.851708493
贵州,6.252636217
贵州,7.413343623
贵州,7.195479639
贵州,8.234239201
贵州,7.18542557
贵州,7.028697067
贵州,7.298452528
贵州,4.920434096
贵州,7.743977929
贵州,8.059175615
贵州,6.653951348
贵州,9.132563148
贵州,8.792990028
贵州,5.578623552
贵州,5.576032724
贵州,6.663296683
贵州,6.323436797
贵州,5.245768894
贵州,8.029041672
贵州,7.930398715
贵州,8.137557396
贵州,8.303162553
贵州,6.350088294
贵州,7.107317736
贵州,6.696341431
贵州,7.2192378
贵州,5.827784926
贵州,5.68683563
贵州,7.852583067
贵州,6.977263617
贵州,8.440900883
贵州,6.311128526
贵州,8.867442786
贵州,8.801911156
贵州,9.893150115
贵州,7.932682726
贵州,6.596021107
贵州,7.875426964
贵州,7.618130156
贵州,8.003516401
贵州,8.204473797
贵州,8.113573361
贵州,7.419247958
贵州,8.566924742
贵州,5.619654989
贵州,5.613712075
贵州,6.209697488
贵州,8.602018639
贵州,8.02209586
贵州,7.318893005
贵州,9.18348997
贵州,7.790486073
贵州,7.009538629
贵州,6.928720805
贵州,7.322552673
贵州,8.621918647
贵州,7.845805604
贵州,9.316033125
贵州,8.204764539
贵州,5.78791132
贵州,5.208481441
贵州,7.967080493
贵州,7.97007239
贵州,7.39932011
贵州,6.727593487
贵州,6.797102929
贵州,6.770412107
贵州,6.669441749
贵州,7.470688878
贵州,9.20677745
贵州,4.644278637
贵州,7.496270948
贵州,6.848948773
贵州,7.997129445
贵州,7.874757574
贵州,7.085532096
贵州,7.335506297
贵州,6.735409339
贵州,7.104906461
贵州,7.791707797
贵州,6.418330097
贵州,8.722590903
贵州,7.455561068
贵州,7.902068515
贵州,6.750035961
贵州,6.169698627
贵州,8.584834001
贵州,7.284871924
贵州,8.869391898
贵州,6.291489111
贵州,7.864148812
贵州,5.681995501
贵州,7.042407637
贵州,7.536042638
贵州,5.886172382
贵州,7.072784287
湖南,5.94119706
湖南,5.651187662
湖南,3.142498186
湖南,6.772449378
湖南,4.26402568
湖南,6.148140786
湖南,3.783333395
湖南,4.017556521
湖南,5.717731141
湖南,3.880186745
湖南,4.764790899
湖南,5.238813602
湖南,5.168938278
湖南,5.077010699
湖南,5.675465394
湖南,3.580449863
湖南,3.561154624
湖南,4.380953767
湖南,5.891203258
湖南,3.599325112
湖南,4.487973252
湖南,4.46199622
湖南,4.618689001
湖南,4.231687814
湖南,4.438955312
湖南,5.290380146
湖南,7.380094071
湖南,4.585306436
湖南,3.916341677
湖南,5.651496388
湖南,4.608547093
湖南,4.641737919
湖南,4.681697842
湖南,4.481847175
湖南,5.014699088
湖南,6.221686755
湖南,6.727577674
湖南,3.592358072
湖南,5.719577548
湖南,7.858086573
湖南,4.626106907
湖南,5.443209514
湖南,4.413679449
湖南,5.384082295
湖南,5.084694647
湖南,3.494795665
湖南,4.125234414
湖南,4.762734699
湖南,4.823043529
湖南,5.757589512
湖南,5.235451268
湖南,4.404627091
湖南,3.344723957
湖南,4.905076046
湖南,4.426694259
湖南,2.879212603
湖南,6.528487996
湖南,5.192417332
湖南,3.548790767
湖南,3.304487649
湖南,4.261842554
湖南,5.886707188
湖南,5.394960759
湖南,5.79177829
湖南,5.920212146
湖南,5.376635645
湖南,3.725141814
湖南,4.152184402
湖南,7.431647654
湖南,4.040805326
湖南,4.699915334
湖南,4.983100501
湖南,5.780607914
湖南,5.328609503
湖南,4.319702211
湖南,2.917018042
湖南,5.94268268
湖南,3.843727036
湖南,3.407386765
湖南,6.346297193
湖南,5.147860277
湖南,3.284855355
湖南,4.628888816
湖南,4.160531461
湖南,3.186331963
湖南,3.991695227
湖南,4.364336786
湖南,2.939092351
湖南,3.257208574
湖南,5.328140138
湖南,5.992174173
湖南,3.98613014
湖南,5.318401711
湖南,3.574578035
湖南,5.917273575
湖南,4.169920173
湖南,5.223707496
湖南,5.770815376
湖南,5.126251145
湖南,4.963744224
江西,-0.615810782
江西,-1.480830336
江西,0.20790852
江西,-1.442982944
江西,-1.158063567
江西,-0.968661482
江西,1.471906439
江西,-0.481498184
江西,-0.686353092
江西,0.441497184
江西,-0.040713097
江西,0.358648304
江西,0.373779416
江西,-0.249711871
江西,0.112448166
江西,2.726799137
江西,0.780441702
江西,1.214551318
江西,-2.218511483
江西,-0.062383897
江西,0.611890997
江西,1.039038621
江西,-1.263212613
江西,-1.272961314
江西,-0.166579192
江西,0.311565131
江西,-0.304098607
江西,-0.499136179
江西,0.938393252
江西,0.244677851
江西,-0.081523098
江西,-1.388801948
江西,1.421643308
江西,-0.223163373
江西,-0.363309924
江西,0.872084964
江西,-1.300416903
江西,-1.115095301
江西,-1.039145875
江西,-0.025032029
江西,-0.476705233
江西,1.446341369
江西,-2.39274303
江西,-0.86190143
江西,-0.618816534
江西,1.385444835
江西,0.394432766
江西,-1.123395574
江西,1.268877029
江西,-0.943132015
江西,1.290334197
江西,-0.381435494
江西,-1.51394358
江西,0.022700018
江西,2.129161501
江西,-1.536473655
江西,1.971896616
江西,-1.338931966
江西,0.454287258
江西,0.603086732
江西,-1.165752995
江西,0.674090699
江西,0.459838947
江西,1.854826591
江西,-1.227460756
江西,1.919261314
江西,0.161017581
江西,-1.624878041
江西,-0.622740622
江西,-1.268885786
江西,-0.059777758
江西,1.064113047
江西,-0.107003136
江西,-0.068868006
江西,0.57670801
江西,-1.410300956
江西,1.944438462
江西,1.111959556
江西,0.854661149
江西,-0.461391673
江西,-1.46863832
江西,1.283812104
江西,-0.114120555
江西,-0.384285766
江西,0.630028153
江西,0.183116603
江西,0.263565568
江西,0.399825969
江西,0.733497161
江西,-1.765130596
江西,-2.091865771
江西,0.69614944
江西,0.32993888
江西,0.032677409
江西,-0.46812007
江西,0.955637954
江西,0.243710627
江西,0.622508466
江西,0.861756474
江西,-0.725205218
江苏,8.151315882
江苏,6.983205082
江苏,10.33702174
江苏,6.815104665
江苏,8.202978115
江苏,7.121017788
江苏,8.757428134
江苏,9.322313259
江苏,6.493038525
江苏,7.376433581
江苏,8.187227036
江苏,9.12354272
江苏,8.050905149
江苏,8.279289727
江苏,9.471303337
江苏,7.67336553
江苏,7.672207497
江苏,7.576650198
江苏,8.761501277
江苏,9.684238868
江苏,8.445630417
江苏,7.163058688
江苏,7.287995789
江苏,8.469000869
江苏,6.772999949
江苏,8.299712162
江苏,8.140829727
江苏,7.83675262
江苏,6.915677483
江苏,8.979824876
江苏,7.729925512
江苏,8.509091961
江苏,8.490675309
江苏,8.823132739
江苏,6.705137904
江苏,9.120752996
江苏,6.406196055
江苏,7.99421769
江苏,8.509959927
江苏,9.260185116
江苏,8.155119599
江苏,10.12665134
江苏,6.599620889
江苏,7.752619312
江苏,7.773862834
江苏,9.190612363
江苏,8.119524293
江苏,8.687304876
江苏,7.608869998
江苏,8.302083395
江苏,7.301731738
江苏,8.905141882
江苏,8.528047136
江苏,8.890287837
江苏,7.093265115
江苏,7.900100335
江苏,6.759025646
江苏,8.907628061
江苏,8.266889182
江苏,8.252007164
江苏,7.557956557
江苏,7.104524126
江苏,9.801418688
江苏,7.216858686
江苏,8.411603125
江苏,9.041881684
江苏,7.429409414
江苏,7.895957423
江苏,7.691915955
江苏,7.249913599
江苏,7.138533169
江苏,7.911719163
江苏,8.445839705
江苏,7.029995877
江苏,9.555077468
江苏,8.91391882
江苏,8.832545834
江苏,7.886177775
江苏,6.924080541
江苏,8.17533681
江苏,8.476683139
江苏,7.268815244
江苏,8.84582916
江苏,8.866464739
江苏,5.788707621
江苏,8.259782372
江苏,8.005861036
江苏,8.685312081
江苏,8.928876112
江苏,8.452215463
江苏,6.814505323
江苏,6.570237846
江苏,7.507650153
江苏,8.495421209
江苏,10.15697399
江苏,6.762464124
江苏,10.84715351
江苏,8.802645353
江苏,8.887260442
江苏,8.219772748
上海,11.07611583
上海,8.625205942
上海,8.065637822
上海,8.134327497
上海,9.473640183
上海,7.441212308
上海,9.981750277
上海,10.44573979
上海,8.700445782
上海,7.958973118
上海,10.30682929
上海,8.038162681
上海,8.237963965
上海,6.650296982
上海,8.572112019
上海,8.097587068
上海,10.25611157
上海,7.363803053
上海,7.442836535
上海,9.836009471
上海,7.494516925
上海,9.370281141
上海,7.981208132
上海,9.097371418
上海,8.559499321
上海,9.779399704
上海,8.001187737
上海,8.561940618
上海,8.601952098
上海,8.081337803
上海,7.823820055
上海,7.46026179
上海,8.360435853
上海,7.547607746
上海,9.152777341
上海,7.042500745
上海,9.497530181
上海,9.102460459
上海,9.078650292
上海,7.437506979
上海,9.203576155
上海,8.579617119
上海,7.714154796
上海,9.905884135
上海,7.354730864
上海,9.76896038
上海,8.245438093
上海,7.460999418
上海,7.711549291
上海,7.591374253
上海,8.563612949
上海,6.863619032
上海,8.515155475
上海,8.370121194
上海,8.184560437
上海,8.83649233
上海,7.134797388
上海,8.259911339
上海,8.452093714
上海,6.71159765
上海,9.290766392
上海,6.799151355
上海,6.781709512
上海,6.979845274
上海,8.680204026
上海,9.811848042
上海,8.290897589
上海,6.429634008
上海,9.395137533
上海,9.676695797
上海,8.793138249
上海,7.86322102
上海,7.289180655
上海,6.716932305
上海,7.788936782
上海,9.412352853
上海,9.828182215
上海,8.17521341
上海,9.730664895
上海,9.196378785
上海,7.954557302
上海,8.194382567
上海,9.769085535
上海,7.968268019
上海,8.701597797
上海,8.800065054
上海,9.803319803
上海,8.248284155
上海,7.72695056
上海,9.156755065
上海,10.67039742
上海,7.652771492
上海,10.09164446
上海,7.221836666
上海,7.504146119
上海,8.235088012
上海,7.190501709
上海,7.652660205
上海,8.799113092
上海,9.281927523
广西,1.782090043
广西,2.988116191
广西,4.106344393
广西,2.316788886
广西,3.309230947
广西,3.82856552
广西,3.804836112
广西,4.450704961
广西,3.999991023
广西,1.963579416
广西,3.129485192
广西,3.943980972
广西,3.81575575
广西,3.867891031
广西,2.420592319
广西,3.55539793
广西,1.942257311
广西,1.401993677
广西,2.87771921
广西,3.046748783
广西,3.143027453
广西,3.09002753
广西,3.095444
广西,1.748162856
广西,3.131499404
广西,1.500378298
广西,4.418911415
广西,0.915249208
广西,4.062884618
广西,3.908170038
广西,4.480204855
广西,1.935643256
广西,2.40416758
广西,4.707255496
广西,3.130411962
广西,3.65999367
广西,3.486765894
广西,3.898186421
广西,2.714107184
广西,2.826272357
广西,1.300421169
广西,2.511596851
广西,3.050925138
广西,2.857147454
广西,2.06833799
广西,4.055172742
广西,2.341816366
广西,2.593055877
广西,2.568602653
广西,1.990637581
广西,3.693870911
广西,1.90768762
广西,1.495438435
广西,2.563896246
广西,3.965387117
广西,2.199129899
广西,2.800115216
广西,0.714009669
广西,2.864617403
广西,2.89239227
广西,1.754304885
广西,2.337838072
广西,3.341567428
广西,4.161143231
广西,2.259773292
广西,3.460359744
广西,2.46499393
广西,2.769924081
广西,3.291870625
广西,2.427114523
广西,3.347087923
广西,2.822732796
广西,2.714813326
广西,3.161266752
广西,2.796787263
广西,3.532062733
广西,1.875467885
广西,3.437533138
广西,4.074356481
广西,1.419071406
广西,2.164291204
广西,2.562295292
广西,2.296605117
广西,3.789906903
广西,4.620977337
广西,2.702422714
广西,3.782761815
广西,0.903469597
广西,3.30194246
广西,2.099580313
广西,3.133077322
广西,4.065281639
广西,2.547359961
广西,2.059226401
广西,2.805302636
广西,2.135629197
广西,1.634729378
广西,1.096558509
广西,2.218314119
广西,5.74665653
广东,8.627616629
广东,9.843710538
广东,12.15351235
广东,10.16162465
广东,9.166931373
广东,8.50140032
广东,9.768805834
广东,8.070812268
广东,13.04552969
广东,9.787065202
广东,11.242091
广东,10.54694388
广东,8.537106448
广东,9.187701455
广东,9.916110091
广东,10.45829094
广东,8.482883562
广东,11.12832051
广东,9.624458361
广东,9.506433459
广东,9.62904311
广东,11.3577309
广东,8.844269755
广东,8.996825727
广东,11.55775946
广东,9.418402469
广东,10.46692111
广东,9.171217308
广东,9.006471294
广东,11.8680838
广东,9.767612304
广东,10.76376317
广东,8.712969864
广东,10.2785542
广东,9.185370694
广东,8.757162009
广东,10.79691348
广东,10.76689936
广东,9.092689906
广东,10.96559014
广东,11.71015487
广东,9.748968527
广东,9.133502267
广东,10.54687943
广东,9.482626061
广东,9.118070517
广东,11.22739414
广东,9.81030578
广东,8.681284667
广东,9.987952282
广东,11.28801882
广东,9.237952627
广东,10.41735714
广东,10.97314749
广东,9.73437206
广东,10.40311473
广东,10.68698318
广东,10.44713492
广东,8.120685303
广东,7.06884404
广东,10.9330852
广东,8.670854368
广东,11.47020263
广东,10.10436214
广东,9.99257513
广东,11.52106077
广东,10.40286911
广东,10.09865465
广东,10.92702962
广东,9.009536182
广东,8.317579369
广东,10.39865229
广东,9.402960532
广东,10.95025614
广东,8.774108103
广东,9.612972225
广东,9.369592592
广东,8.827551765
广东,10.42210107
广东,10.6378151
广东,9.354635174
广东,10.76185331
广东,9.654285993
广东,9.374271671
广东,9.293874615
广东,9.183204014
广东,9.206216978
广东,9.309962674
广东,10.60384118
广东,9.361696787
广东,10.05373424
广东,8.276584899
广东,8.910833675
广东,9.669672764
广东,9.896030054
广东,11.29235717
广东,11.39854313
广东,10.94170201
广东,9.0672091
广东,10.45109455
福建,0.627477955
福建,0.253394887
福建,1.671667164
福建,2.070250916
福建,0.38872779
福建,-0.418010971
福建,0.561333404
福建,0.221433015
福建,0.856651095
福建,-0.642884334
福建,0.234479547
福建,1.08185551
福建,0.656316477
福建,-0.060234498
福建,0.848404292
福建,-1.602604043
福建,1.371743489
福建,1.063944268
福建,0.969545293
福建,0.390594941
福建,1.413630681
福建,-0.691332086
福建,0.689195765
福建,1.029430554
福建,0.154641235
福建,-1.86971308
福建,1.598244932
福建,-0.293631585
福建,0.350494162
福建,2.179811128
福建,-0.52425772
福建,-1.013790478
福建,-0.351312871
福建,-1.920331996
福建,0.549138144
福建,-0.377735328
福建,-0.215868531
福建,1.114915367
福建,0.829684788
福建,-0.08873864
福建,1.834333631
福建,-0.393020528
福建,-1.663521049
福建,1.429951487
福建,-0.181768724
福建,1.980923598
福建,0.989984481
福建,-0.594723993
福建,-1.174101719
福建,0.640873122
福建,-0.74974716
福建,-1.022790562
福建,0.784504599
福建,0.41296123
福建,1.189480671
福建,-0.249805577
福建,0.19191387
福建,0.579120322
福建,0.238078236
福建,-0.528965699
福建,0.233071133
福建,-0.979188926
福建,1.448095571
福建,0.582955607
福建,1.899407865
福建,0.509474225
福建,0.943842344
福建,1.526280501
福建,-0.050484223
福建,-1.261033895
福建,2.483220273
福建,0.947502719
福建,-0.00328348
福建,0.757547826
福建,0.086028938
福建,0.463659033
福建,0.842382691
福建,-2.424137765
福建,0.930193061
福建,0.212679075
福建,0.151260964
福建,0.232777351
福建,1.236237563
福建,0.126362172
福建,1.174195186
福建,-0.638366988
福建,-0.365047452
福建,0.321845675
福建,0.012829498
福建,0.426790886
福建,0.969138716
福建,1.038617474
福建,-0.45709105
福建,-0.103580233
福建,1.189201953
福建,0.739489882
福建,-2.109035012
福建,0.479316268
福建,1.06925851
福建,-1.761651905
浙江,1.657648765
浙江,2.140329952
浙江,2.553346923
浙江,3.949935621
浙江,3.327483386
浙江,1.369646702
浙江,0.723195664
浙江,1.919236262
浙江,2.176650546
浙江,1.711478524
浙江,3.145396496
浙江,1.081321166
浙江,0.774171363
浙江,2.080169068
浙江,-0.371003288
浙江,1.585692738
浙江,3.577887517
浙江,0.091536794
浙江,2.071010033
浙江,1.898407085
浙江,0.935783031
浙江,-0.16306154
浙江,2.563778784
浙江,1.056563198
浙江,0.34720976
浙江,1.383093202
浙江,1.22093181
浙江,3.113858768
浙江,1.806740058
浙江,1.36492684
浙江,2.859309088
浙江,3.147663562
浙江,2.289931866
浙江,4.65298637
浙江,2.772558649
浙江,1.392456937
浙江,3.337515378
浙江,2.379676422
浙江,0.996890996
浙江,0.667878936
浙江,1.298264551
浙江,3.269820908
浙江,0.631762449
浙江,1.817615597
浙江,2.185189327
浙江,1.088161366
浙江,2.148313659
浙江,3.476772611
浙江,1.663447842
浙江,1.276190985
浙江,1.279521183
浙江,1.768838631
浙江,1.169065231
浙江,2.987443003
浙江,0.370351106
浙江,2.953053777
浙江,1.712105327
浙江,4.110413594
浙江,2.837356718
浙江,2.327349117
浙江,1.682380281
浙江,4.755524945
浙江,1.425449641
浙江,1.572956281
浙江,3.071066015
浙江,1.356108655
浙江,2.155120388
浙江,1.677097763
浙江,2.230321628
浙江,1.156457243
浙江,0.442563345
浙江,2.62157234
浙江,2.275789245
浙江,2.376241509
浙江,1.391337475
浙江,1.68698385
浙江,2.872518974
浙江,2.588680389
浙江,0.164134342
浙江,1.164829951
浙江,1.74714335
浙江,2.844220024
浙江,2.876906016
浙江,-0.050958316
浙江,2.860320599
浙江,1.419074585
浙江,0.498131724
浙江,1.151512761
浙江,0.215538416
浙江,0.221122555
浙江,2.85638071
浙江,0.230373832
浙江,2.371139247
浙江,2.614486415
浙江,0.429332057
浙江,2.249826941
浙江,1.570208204
浙江,1.810662982
浙江,3.738653902
浙江,0.15229578
海南,3.354768275
海南,4.443897546
海南,3.506108685
海南,3.213745896
海南,2.641844514
海南,3.630750461
海南,3.332201444
海南,2.532190188
海南,4.285468239
海南,1.914412501
海南,2.988620884
海南,4.535367809
海南,4.450324684
海南,2.728219669
海南,4.734383093
海南,2.67281887
海南,5.037710605
海南,5.089517515
海南,4.070903922
海南,3.637427852
海南,5.656710705
海南,4.862895486
海南,2.908099471
海南,3.019282001
海南,2.931330749
海南,2.847968306
海南,5.278792902
海南,2.199874546
海南,1.308603933
海南,2.984127904
海南,3.199203973
海南,4.116235251
海南,4.426172002
海南,3.729532997
海南,4.712126702
海南,3.967138283
海南,4.853491239
海南,4.017315381
海南,3.46575303
海南,2.65128458
海南,3.498275798
海南,2.853097721
海南,3.920210782
海南,2.473332548
海南,4.542344859
海南,2.998906266
海南,5.420041739
海南,4.824106094
海南,4.143190156
海南,2.047191608
海南,3.936264604
海南,4.903505601
海南,4.681950067
海南,2.509826193
海南,3.39834257
海南,2.846062475
海南,4.679107073
海南,6.399408649
海南,4.218648624
海南,4.545422813
海南,4.966352143
海南,3.34650271
海南,4.543132075
海南,3.542610683
海南,5.384913997
海南,5.990002954
海南,5.41540295
海南,3.528422524
海南,3.240608487
海南,2.39419215
海南,3.343398626
海南,3.590715586
海南,5.101924108
海南,4.352592534
海南,2.978518916
海南,5.403487081
海南,3.81752971
海南,3.143824357
海南,2.90713171
海南,3.713781478
海南,3.96092635
海南,2.622550719
海南,1.459449726
海南,4.600707434
海南,2.512626398
海南,4.029456024
海南,1.797980021
海南,4.016701221
海南,4.288080063
海南,5.457502023
海南,4.553339591
海南,2.338942392
海南,2.424792458
海南,3.774858196
海南,3.3229148
海南,3.586246208
海南,1.944183404
海南,1.870134868
海南,5.127910731
海南,3.028748793
澳门,3.890133521
澳门,3.296556075
澳门,2.526751893
澳门,3.289323703
澳门,1.481411515
澳门,1.943531721
澳门,1.192036976
澳门,3.814003848
澳门,2.778433401
澳门,3.673428229
澳门,2.362700894
澳门,2.321623454
澳门,2.825825336
澳门,3.72708114
澳门,2.58581499
澳门,2.382472598
澳门,3.210321473
澳门,2.925377288
澳门,1.949847968
澳门,3.675255045
澳门,4.655435092
澳门,2.05677651
澳门,0.977832918
澳门,2.636076046
澳门,4.345054748
澳门,3.060407623
澳门,1.964080086
澳门,2.322217195
澳门,2.886761652
澳门,4.748815729
澳门,2.855243068
澳门,2.826652092
澳门,2.915907515
澳门,4.140381087
澳门,2.657679458
澳门,2.460056046
澳门,3.15956632
澳门,3.192684352
澳门,2.315132918
澳门,2.638823803
澳门,2.800529301
澳门,2.656745406
澳门,2.670448016
澳门,3.06366997
澳门,2.375329446
澳门,3.51076136
澳门,4.169681188
澳门,3.995617113
澳门,0.796547796
澳门,2.695594498
澳门,2.426664536
澳门,2.384030872
澳门,3.526062936
澳门,2.108393158
澳门,2.084451839
澳门,2.599785422
澳门,3.08169635
澳门,2.890202366
澳门,1.8919984
澳门,5.040970869
澳门,2.166791878
澳门,3.978250348
澳门,0.927499808
澳门,2.483783841
澳门,2.113295072
澳门,3.607470445
澳门,0.790534898
澳门,3.352671943
澳门,2.941130937
澳门,5.298606631
澳门,3.165006031
澳门,3.611233074
澳门,2.786294311
澳门,1.765667457
澳门,2.954817165
澳门,4.837897498
澳门,4.421979993
澳门,3.533536452
澳门,4.639441206
澳门,2.655444971
澳门,4.13586456
澳门,2.981014426
澳门,2.576519088
澳门,2.474232397
澳门,3.046440338
澳门,4.362303663
澳门,1.567401055
澳门,6.63896904
澳门,3.080076188
澳门,2.475302543
澳门,2.913302159
澳门,2.18576889
澳门,3.134215575
澳门,4.678704576
澳门,2.66789322
澳门,1.86246186
澳门,4.947640669
澳门,1.707316203
澳门,2.886360321
澳门,2.340145809
香港,3.668072313
香港,2.30112601
香港,0.815236529
香港,5.03706767
香港,4.199324572
香港,4.122600946
香港,3.385668523
香港,2.9992438
香港,4.965415381
香港,3.347678862
香港,2.909449051
香港,3.780526209
香港,2.163028692
香港,3.596156483
香港,2.967199374
香港,4.317761525
香港,3.559002535
香港,3.438048432
香港,3.215750714
香港,4.056668289
香港,4.081687561
香港,3.069042217
香港,5.56516911
香港,4.420119731
香港,4.104086031
香港,3.203437958
香港,4.490780411
香港,4.214051935
香港,4.619372905
香港,3.418161092
香港,4.062690217
香港,3.126894378
香港,3.701065786
香港,5.661854139
香港,5.117927239
香港,4.612644249
香港,4.310037271
香港,4.580464345
香港,3.686147413
香港,2.476937144
香港,3.553569745
香港,5.54232066
香港,3.182789376
香港,3.838695046
香港,3.913222779
香港,4.715138457
香港,4.25470662
香港,5.65732049
香港,2.900355897
香港,3.115922237
香港,3.805202058
香港,5.376768983
香港,2.799987437
香港,3.717025058
香港,2.579330909
香港,3.130263395
香港,5.92538731
香港,2.652464465
香港,2.936601227
香港,2.963463623
香港,3.955369033
香港,4.230404369
香港,3.713545717
香港,5.091576415
香港,4.775612419
香港,3.73942332
香港,3.339508807
香港,4.022568565
香港,4.874139093
香港,4.842414111
香港,2.880808965
香港,4.182032072
香港,4.465473588
香港,3.685778501
香港,4.486228692
香港,2.683715973
香港,6.335216945
香港,4.380944127
香港,4.035461302
香港,4.398778321
香港,3.679997683
香港,3.572565528
香港,4.746217551
香港,3.803746505
香港,2.958410439
香港,3.567489259
香港,3.760339753
香港,3.913003864
香港,3.399137331
香港,4.663512746
香港,4.511323353
香港,4.312709047
香港,2.692678668
香港,5.299394838
香港,5.412796898
香港,5.17135409
香港,4.844571274
香港,5.361716823
香港,5.294206225
香港,4.85002144
台湾,1.560827509
台湾,1.354969578
台湾,1.533224664
台湾,2.600176393
台湾,1.124793971
台湾,2.835953464
台湾,4.51141821
台湾,2.881384149
台湾,3.857765006
台湾,3.471091416
台湾,1.037866802
台湾,2.084758673
台湾,1.551103161
台湾,1.466244852
台湾,3.568890256
台湾,1.086835802
台湾,1.687260653
台湾,3.051713173
台湾,2.394842927
台湾,3.110927661
台湾,1.501130504
台湾,3.025826614
台湾,2.023502917
台湾,3.074819642
台湾,0.583037428
台湾,1.964839753
台湾,1.676600871
台湾,1.911927375
台湾,3.486125804
台湾,1.728570213
台湾,1.684106015
台湾,3.773673761
台湾,1.812431732
台湾,2.72415093
台湾,2.149868243
台湾,2.246693127
台湾,2.790296863
台湾,1.121868181
台湾,3.67055532
台湾,1.523119008
台湾,1.425959138
台湾,2.665258973
台湾,4.665107085
台湾,4.455602911
台湾,2.682266274
台湾,2.728790984
台湾,2.008913203
台湾,3.083711982
台湾,1.887627765
台湾,3.933362798
台湾,1.820668507
台湾,1.03348586
台湾,1.883153301
台湾,2.374583001
台湾,2.189994458
台湾,1.186258841
台湾,3.925809483
台湾,2.370194645
台湾,0.382525115
台湾,3.272464752
台湾,2.284256723
台湾,1.523489242
台湾,2.628303695
台湾,2.222416698
台湾,1.475078495
台湾,3.843233121
台湾,2.350833803
台湾,1.902730901
台湾,4.300021295
台湾,3.756251711
台湾,4.027103053
台湾,3.313412688
台湾,2.868768213
台湾,3.32792258
台湾,1.796399439
台湾,2.374981943
台湾,3.975439986
台湾,1.686417011
台湾,4.005982966
台湾,1.638268954
台湾,3.39515436
台湾,2.047109567
台湾,1.903804025
台湾,2.568129159
台湾,1.97594017
台湾,2.335373216
台湾,3.885840037
台湾,3.759165917
台湾,1.742038469
台湾,3.221133253
台湾,2.814247913
台湾,4.393183436
台湾,1.987179446
台湾,2.003804836
台湾,2.284816252
台湾,3.163520019
台湾,3.187425554
台湾,1.826010673
台湾,1.852291852
台湾,3.484328419
