value,lat,long,country
4,36.35815389,120.1074272,PETER
6,36.78106051,121.7663315,PETER
8,36.70385893,119.2645703,PETER
10,36.08717879,120.8295942,PETER
11,39.53409312,123.1428091,PETER
12,43.56950052,121.3374299,PETER
13,37.03777129,120.4287607,PETER
17,36.83822002,119.5209965,PETER
20,36.96748079,120.7209398,PETER
21,35.65132322,120.9174451,PETER
22,40.76901318,120.494451,PETER
25,40.00841703,120.5498952,PETER
26,36.93923141,121.0792373,PETER
27,39.18729315,119.2055198,PETER
28,36.07487844,122.1673623,PETER
30,37.18400624,117.8940858,PETER
32,35.35299341,120.5747355,PETER
33,40.19495714,122.5978608,PETER
34,37.12824345,122.9549585,PETER
36,34.83062263,120.8916454,PETER
37,40.4932115,120.1473697,PETER
39,35.92476047,114.3718782,PETER
41,36.91132672,121.1955013,PETER
42,38.41651253,121.598932,PETER
43,40.00604539,122.921904,PETER
44,39.16350512,122.8657092,PETER
45,35.48780939,123.1003807,PETER
46,39.28507619,122.3531527,PETER
47,37.99572348,120.2991551,PETER
48,37.18299337,118.5266061,PETER
49,41.96572874,120.0248847,PETER
50,35.00360497,119.6453564,PETER
51,39.47598202,123.7602218,PETER
52,33.38241748,124.1619513,PETER
53,38.1197071,122.7855613,PETER
54,37.08942076,122.5912015,PETER
57,36.83651521,122.7392272,PETER
58,37.67583542,124.2419865,PETER
59,38.54930648,123.7021589,PETER
60,37.11289576,122.6200858,PETER
62,36.90625461,122.367575,PETER
63,37.90780267,123.2421758,PETER
64,37.24853417,121.1211447,PETER
65,36.85748513,123.4861315,PETER
66,39.4301668,122.0918183,PETER
67,36.95592607,122.4129148,PETER
68,37.51790511,120.9006848,PETER
69,34.04129713,120.2215751,PETER
70,39.53876348,121.3608133,PETER
73,34.66657295,120.3195861,PETER
74,35.3740165,118.4423557,PETER
75,38.31867627,121.7740999,PETER
78,47.16354215,123.0139639,PETER
82,36.25384248,118.0889158,PETER
84,38.84709848,121.9697861,PETER
85,35.8539865,116.3578356,PETER
87,35.90244476,122.6698771,PETER
88,41.49841504,122.8810271,PETER
90,37.54531181,116.8996529,PETER
91,40.68313745,121.7603196,PETER
92,36.93905342,119.9042959,PETER
93,39.41677563,121.3691437,PETER
95,38.14087178,118.406644,PETER
98,42.50638231,117.0402555,PETER
99,37.00980582,117.1458972,PETER
100,39.81929754,124.2558334,PETER
101,37.40509161,119.9669895,PETER
102,39.35486065,117.1180775,PETER
103,35.78984112,120.2746305,PETER
104,34.00505679,120.7677367,PETER
105,35.0761487,120.8471235,PETER
106,36.83926278,121.6489626,PETER
107,35.69644203,123.5388141,PETER
109,41.31219781,120.8111523,PETER
110,37.81956418,121.5558969,PETER
111,36.00762491,121.1552334,PETER
112,38.41576842,120.4876822,PETER
114,34.8166759,120.4539677,PETER
115,35.90896614,121.434904,PETER
116,41.1238258,116.3399183,PETER
117,38.58452969,123.088078,PETER
118,40.99730684,117.8201539,PETER
120,37.55625417,124.2040273,PETER
121,35.26129908,115.7605536,PETER
122,36.50292144,120.8075311,PETER
123,39.05083036,120.1071159,PETER
127,36.88714406,121.002864,PETER
130,37.91262783,118.5306313,PETER
134,40.52064126,119.1792099,PETER
139,37.75951726,115.4345301,PETER
141,36.10881884,120.2864562,PETER
142,38.0288444,123.8485177,PETER
144,38.67579384,119.9945383,PETER
145,35.35987783,121.3314895,PETER
146,40.37139965,117.4703622,PETER
147,40.72347546,119.5358442,PETER
148,38.27731379,119.5158401,PETER
149,38.55560097,122.9708608,PETER
150,36.19484292,121.9375431,PETER
153,38.57115766,120.9283104,PETER
156,38.14678572,117.9690375,PETER
157,37.01119928,121.876276,PETER
158,37.95160403,117.5444253,PETER
159,33.27839165,123.5764428,PETER
160,35.44140255,121.1605921,PETER
161,39.55528173,124.4577852,PETER
162,36.4253477,122.3461624,PETER
165,36.88918868,122.1194831,PETER
166,39.84109058,119.2298834,PETER
168,35.74639872,119.2129348,PETER
169,35.65228451,116.3772198,PETER
171,39.00005747,120.3970882,PETER
173,37.91159812,119.4382411,PETER
175,40.57058569,118.5905044,PETER
176,35.9231858,121.1672977,PETER
177,36.98091129,120.0245417,PETER
178,38.12048745,121.9110224,PETER
179,39.25341767,120.2802078,PETER
180,36.32301393,122.856789,PETER
181,40.29199196,121.4512941,PETER
185,37.46604551,122.8119352,PETER
187,40.00363017,123.3150904,PETER
188,42.56452201,121.0267897,PETER
189,39.16420999,119.8132991,PETER
191,37.62635311,120.9741263,PETER
193,36.58588759,118.7453201,PETER
194,39.65997305,120.4631573,PETER
198,37.60672495,115.8818767,PETER
200,40.91716028,117.2907155,PETER
201,35.98275235,115.863172,PETER
202,37.27655735,119.8905788,PETER
204,34.28433065,123.3584361,PETER
205,36.20846743,122.4253952,PETER
206,39.66654592,120.0809509,PETER
207,38.5091104,120.5792346,PETER
209,35.59161939,118.3864116,PETER
213,38.13818261,118.6929063,PETER
215,38.11503169,122.278649,PETER
216,40.20919133,121.8462816,PETER
218,37.62855591,118.7825339,PETER
220,38.14987344,118.157883,PETER
222,35.33022238,120.60038,PETER
223,36.88419797,121.5300824,PETER
225,35.23710237,125.2912433,PETER
226,38.70539865,123.3220469,PETER
227,34.27223134,123.4856895,PETER
228,39.42591055,119.5737595,PETER
236,40.88847014,121.6419255,PETER
237,38.17781789,123.9895375,PETER
240,41.79313823,119.5826959,PETER
241,34.06694369,120.0663277,PETER
242,36.96689036,117.3233442,PETER
244,41.11629937,122.1481724,PETER
249,37.71222452,120.8417039,PETER
250,39.73891316,121.3065109,PETER
253,37.2524855,123.4981187,PETER
255,37.33112973,123.5746744,PETER
258,44.53711793,121.5972902,PETER
259,37.01500192,118.8290307,PETER
262,38.72001288,120.7843876,PETER
265,34.77267249,119.6070359,PETER
266,38.22761788,122.8171532,PETER
267,37.88740669,123.0639338,PETER
269,40.10061096,119.6728409,PETER
270,40.27308225,118.3799489,PETER
271,39.03698213,122.5353167,PETER
272,38.47933671,120.0070943,PETER
274,44.08138688,121.1877807,PETER
275,36.49654061,119.7500391,PETER
276,36.92730657,122.9636179,PETER
277,37.58318782,119.7982264,PETER
278,40.83073065,120.2463978,PETER
279,35.38071336,123.441557,PETER
280,36.63641537,123.3475313,PETER
281,40.49327821,122.9199409,PETER
282,41.25996624,120.9198461,PETER
283,34.9311961,125.3382307,PETER
284,34.43232573,123.4366637,PETER
286,38.72859378,122.3413242,PETER
290,38.47409247,119.6174868,PETER
291,33.9993136,123.4856277,PETER
292,37.70326846,121.6925035,PETER
293,40.15421537,123.7070249,PETER
294,36.19618519,120.6500707,PETER
295,39.62828928,124.371909,PETER
296,36.67604231,123.2363395,PETER
297,40.10798221,120.4338409,PETER
300,39.92018959,120.6591161,PETER
301,36.85419851,119.2687091,PETER
303,40.84788002,119.9533985,PETER
304,36.92038355,117.8177516,PETER
306,34.12095822,120.2547312,PETER
309,34.65381841,119.7343381,PETER
312,38.2228917,121.167374,PETER
313,39.48663985,122.8457032,PETER
314,37.45902675,123.992861,PETER
315,36.84490902,118.6274125,PETER
316,36.78551778,118.227852,PETER
319,36.84132365,123.5142712,PETER
326,40.68571568,121.0355811,PETER
328,39.88066793,119.0091254,PETER
329,38.0267967,122.0438066,PETER
332,38.38183255,123.433572,PETER
338,35.55999685,125.276201,PETER
339,40.73362213,122.0778036,PETER
340,37.05262954,120.6674919,PETER
342,36.52992694,118.0072095,PETER
343,40.06345917,123.6592035,PETER
344,41.18588865,122.1331984,PETER
345,38.79740564,121.2686673,PETER
347,34.8493326,120.2002527,PETER
348,38.31121372,123.743528,PETER
349,36.7119661,117.6006481,PETER
351,39.05454318,123.8572099,PETER
352,37.44046914,121.1300362,PETER
354,36.93038261,122.123668,PETER
355,36.36642123,119.0266194,PETER
356,39.76321931,116.7456419,PETER
357,40.40832012,122.6487555,PETER
358,35.51733197,118.7040448,PETER
359,37.39718617,123.9010307,PETER
360,37.3194193,120.0697405,PETER
361,34.99974309,119.8803693,PETER
363,43.94107785,119.3748928,PETER
365,37.69112475,123.6004315,PETER
367,35.73642418,118.3861816,PETER
368,38.40493596,116.3968892,PETER
369,42.6787443,120.0625374,PETER
370,39.24903938,118.113625,PETER
371,38.04994393,121.7932967,PETER
372,37.57814549,123.932938,PETER
374,37.20631602,119.2509804,PETER
375,35.31733351,119.6774106,PETER
376,37.30559515,119.2006634,PETER
379,37.39646346,123.1886065,PETER
380,40.16192408,122.3909875,PETER
384,37.8165871,120.4983295,PETER
385,38.90873919,119.0969114,PETER
389,36.66866345,123.0697595,PETER
390,34.7564192,120.0677925,PETER
391,37.93008371,122.7274678,PETER
392,37.8293226,123.1955766,PETER
393,39.51647537,119.619602,PETER
394,34.86803296,118.8962054,PETER
398,38.19785877,120.2442316,PETER
400,35.75844969,119.0996724,PETER
403,37.36716722,118.0958549,PETER
404,37.37058796,123.7360186,PETER
405,37.09546234,117.349724,PETER
408,37.82425849,121.65286,PETER
409,38.52774542,123.5569932,PETER
410,39.80535564,120.9007841,PETER
412,39.22951296,120.3328218,PETER
413,38.46995524,119.7259886,PETER
414,38.0997729,119.6258636,PETER
416,36.31832394,119.4178503,PETER
418,40.14690016,123.9332636,PETER
420,36.13499884,121.9602645,PETER
421,40.46913368,121.7878337,PETER
422,38.47134275,120.4364326,PETER
423,37.80673007,121.8840413,PETER
424,38.19567192,118.5680067,PETER
426,37.49909724,122.6136012,PETER
427,38.96314508,122.1215015,PETER
428,41.97055097,121.5344687,PETER
429,37.68383449,121.7375647,PETER
431,41.19627498,114.4625261,PETER
433,38.92277694,124.156999,PETER
434,38.26475241,123.7469664,PETER
436,37.77817754,121.6707914,PETER
437,35.93909387,120.3466429,PETER
441,38.7668126,120.8326576,PETER
443,35.40833921,117.0982634,PETER
445,39.88807379,116.4583162,PETER
447,42.90592183,121.0129551,PETER
450,38.11416588,120.2590013,PETER
451,37.71783957,118.5154057,PETER
452,38.97985069,118.3078214,PETER
454,41.99224557,118.5376659,PETER
457,39.14789946,119.056575,PETER
459,39.53973055,126.4093299,PETER
460,43.36755384,112.4629407,JACK
462,43.34568125,107.9321296,JACK
463,43.70579967,108.3103088,JACK
464,48.76830513,112.0219656,JACK
465,42.44617132,109.0093725,JACK
466,42.74052684,107.9247882,JACK
468,47.82819353,108.3435895,JACK
469,47.14780972,115.4305204,JACK
470,46.66994926,110.8254881,JACK
471,44.11328573,107.2896483,JACK
478,42.0817807,108.6716596,JACK
479,45.08852711,107.5951189,JACK
481,44.52589658,112.1449573,JACK
482,47.99257729,107.8883879,JACK
483,49.02022289,112.5690056,JACK
484,45.05255784,109.2920636,JACK
485,40.66530974,110.7265486,JACK
486,48.88708896,111.0381836,JACK
487,43.24150634,106.5334571,JACK
489,42.35324501,109.7365555,JACK
490,45.52475185,108.1564999,JACK
491,46.58177695,109.6133156,JACK
493,44.05894277,108.0366413,JACK
494,43.89476002,108.6263059,JACK
496,45.00384174,110.5663662,JACK
497,43.78536428,107.0316617,JACK
498,41.52345646,109.346297,JACK
499,49.23147103,109.3572695,JACK
501,45.84515231,108.2911694,JACK
502,42.75183001,110.3659771,JACK
506,47.7360431,108.4517993,JACK
509,46.71531432,107.7367699,JACK
511,44.35356265,107.7814798,JACK
512,45.12878761,106.2219992,JACK
513,45.31199135,109.6332161,JACK
516,45.5809037,109.2349025,JACK
518,48.20189884,108.4783574,JACK
519,45.23934537,108.1928555,JACK
520,45.37177424,108.9972381,JACK
528,43.81741017,108.9197693,JACK
529,43.93950764,107.5380772,JACK
530,45.70710351,107.4726024,JACK
531,44.43397829,106.7306148,JACK
532,45.85209432,110.2291481,JACK
533,44.71228341,109.027773,JACK
534,45.50602525,108.2389036,JACK
535,43.64874493,107.1561258,JACK
537,45.38281326,109.6788428,JACK
538,46.24189673,111.5418974,JACK
539,45.99790369,109.2280342,JACK
540,43.71679397,108.7264039,JACK
541,49.31971088,109.7211571,JACK
542,45.2945863,110.7560824,JACK
543,47.92293494,109.4544404,JACK
544,47.43827291,108.7512369,JACK
545,47.97136906,109.4743788,JACK
546,47.12608418,111.034385,JACK
549,45.54286982,108.9708505,JACK
552,46.36395773,107.7462237,JACK
553,44.9476754,107.5721767,JACK
554,44.1300063,108.7809612,JACK
556,43.53401825,107.2413778,JACK
559,52.74890399,110.8492327,JACK
560,41.97946406,109.7891617,JACK
562,45.92098283,109.8268738,JACK
563,43.4118199,112.6245617,JACK
564,45.35833266,108.7956947,JACK
565,46.16868043,109.2779274,JACK
566,41.70848784,110.8413612,JACK
572,46.6004294,109.1213299,JACK
576,45.53102518,109.2109531,JACK
577,47.89403308,108.2703059,JACK
578,44.67307224,109.2222845,JACK
579,43.04635117,110.0143409,JACK
580,47.04841988,108.3266487,JACK
581,45.31694505,108.8032036,JACK
582,42.6901916,108.610052,JACK
583,47.4764584,108.8285011,JACK
585,47.86324444,110.7330608,JACK
587,46.09687667,107.835921,JACK
588,47.60075498,114.1619947,JACK
591,46.28871623,108.7569277,JACK
592,43.35874481,109.3968573,JACK
594,46.58091819,112.6997528,JACK
595,45.16655317,106.4561371,JACK
599,43.18530474,107.408827,JACK
600,42.06366161,107.4976084,JACK
601,46.3770065,109.5679652,JACK
602,42.95049104,107.245462,JACK
603,43.08888779,111.7413803,JACK
604,46.75199977,110.7689625,JACK
606,42.46312852,109.8333949,JACK
607,43.66506013,107.646511,JACK
608,48.9206274,112.0583911,JACK
610,48.27598537,113.7472442,JACK
611,44.54479907,108.6640593,JACK
612,42.14707047,111.2737614,JACK
614,44.31467162,108.8839432,JACK
616,45.96411447,107.7872068,JACK
619,46.53613719,108.6674829,JACK
620,46.52690704,108.7879341,JACK
622,45.45125871,106.9279766,JACK
623,46.47211248,109.4036796,JACK
624,45.00887946,109.8862895,JACK
625,45.84959404,107.0780431,JACK
626,49.80042311,111.9614179,JACK
627,47.67160877,111.2022488,JACK
629,45.15955259,108.7323157,JACK
631,44.79611598,112.6251124,JACK
632,44.77563626,108.2081234,JACK
633,46.62629897,109.768203,JACK
635,40.5958703,110.575871,JACK
637,43.71377389,111.1991167,JACK
638,45.92766836,107.1622647,JACK
639,43.71358237,112.9025215,JACK
641,49.00247538,109.3195065,JACK
642,45.78479159,109.1021629,JACK
643,49.78461822,109.4439692,JACK
644,44.33281708,108.8775404,JACK
645,47.14704372,107.8351724,JACK
646,47.77170968,112.2794635,JACK
648,47.12794883,108.6131844,JACK
649,45.13445277,108.1146864,JACK
650,44.40367401,108.0571878,JACK
651,48.55397081,109.1830514,JACK
653,44.88994922,111.3431337,JACK
656,48.51621165,108.8502975,JACK
657,44.04588714,105.9422844,JACK
660,44.96494256,106.1101028,JACK
663,43.44155166,108.8202278,JACK
664,44.99430126,109.6460107,JACK
665,45.28408842,109.5114471,JACK
666,45.12641473,111.5761209,JACK
667,44.68776888,110.2386952,JACK
668,46.4752687,108.161561,JACK
669,45.93673291,108.1446596,JACK
672,47.22655543,109.7868973,JACK
673,45.5202619,112.8699795,JACK
674,44.08886116,111.3768728,JACK
675,43.92554352,109.2075113,JACK
676,45.52950012,106.908628,JACK
677,45.99459034,108.1484098,JACK
678,46.66593971,110.228757,JACK
680,44.70952816,110.4524073,JACK
682,44.79477124,112.3602481,JACK
683,44.21685432,107.272782,JACK
684,47.34374833,108.9596467,JACK
685,44.01833911,108.0026289,JACK
686,47.3626239,108.9937152,JACK
687,46.37893191,108.6508629,JACK
688,47.00782884,108.8292609,JACK
690,44.5713747,110.6414046,JACK
691,43.86447228,105.6142584,JACK
692,45.98902952,108.0625531,JACK
694,43.94982307,109.3161344,JACK
695,45.41704274,109.4699538,JACK
697,45.21373468,106.7840041,JACK
698,45.72159294,109.1780543,JACK
700,47.53055352,109.3358252,JACK
701,42.56657817,108.580743,JACK
703,43.91564144,112.2631928,JACK
704,51.45824179,111.4732318,JACK
705,44.36537508,108.5140851,JACK
709,45.73872901,107.9974274,JACK
711,44.17087574,108.4165145,JACK
713,44.81757481,107.2209685,JACK
715,43.96852555,107.2073085,JACK
716,47.88129548,111.6047224,JACK
717,44.36871341,113.5764698,JACK
719,45.35213004,107.4933096,JACK
720,47.21929568,108.2753324,JACK
721,44.24926539,109.3507814,JACK
722,43.13260959,110.9328055,JACK
723,41.87116163,108.8126201,JACK
724,47.11518275,107.967843,JACK
727,46.85267037,110.007391,JACK
732,43.72770412,113.7794812,JACK
735,43.75723127,107.9769287,JACK
736,41.55295271,109.59842,JACK
738,45.28810625,109.320766,JACK
742,47.07667361,108.5025258,JACK
743,44.95503506,107.4110202,JACK
744,44.06255349,106.5784788,JACK
745,44.86954548,108.2349586,JACK
746,45.10257254,107.5836792,JACK
748,48.43655978,109.4112334,JACK
749,44.49013671,110.0633209,JACK
750,49.42692331,111.2645666,JACK
754,47.4561509,109.3526502,JACK
755,45.24248188,107.8993449,JACK
756,46.21082895,112.4754839,JACK
757,45.12061145,109.0832417,JACK
758,49.9042342,109.6128278,JACK
761,44.1422183,108.979485,JACK
768,44.96495849,106.8872943,JACK
769,46.88284633,107.7706601,JACK
770,51.91446461,113.0106946,EELIN
774,51.37572963,115.2893246,EELIN
777,55.42144887,112.8429333,EELIN
786,54.67534554,111.5564911,EELIN
787,57.56987406,113.4620853,EELIN
788,51.53657305,116.8522876,EELIN
789,56.87674846,114.418805,EELIN
790,52.45821265,116.0290814,EELIN
792,49.66043647,110.9928121,EELIN
793,54.66672093,114.9007951,EELIN
794,55.64177783,112.3805425,EELIN
803,52.69536753,115.9033055,EELIN
804,54.05533235,119.7692294,EELIN
805,54.96054741,113.890265,EELIN
806,53.12385843,113.6360721,EELIN
807,50.77007051,114.4503375,EELIN
808,57.19280644,114.6832688,EELIN
811,54.24878525,115.1283541,EELIN
812,53.46314637,113.3341437,EELIN
814,53.68858402,113.4860346,EELIN
817,53.89705466,112.2586908,EELIN
818,51.97591583,114.4377956,EELIN
822,54.54181137,113.6128504,EELIN
827,53.6183747,120.0272184,EELIN
829,54.20241348,111.4681552,EELIN
832,54.97363231,114.4410244,EELIN
833,50.69717848,112.3186502,EELIN
834,52.31892411,112.4256915,EELIN
835,54.1479302,113.8192006,EELIN
838,50.43890228,116.119335,EELIN
839,54.62112264,114.6762224,EELIN
842,53.32499891,112.4798708,EELIN
843,52.02839482,116.9111058,EELIN
844,55.25489723,112.5616275,EELIN
845,55.20578985,115.0675735,EELIN
846,55.47394345,114.655292,EELIN
848,52.83244413,115.1938378,EELIN
852,55.56792693,114.4909088,EELIN
857,53.4543514,114.0316511,EELIN
858,53.2986641,115.2796238,EELIN
860,56.61727591,113.9341714,EELIN
862,51.31613643,111.6113083,EELIN
863,49.96712033,111.6023696,EELIN
865,53.53136747,112.1899841,EELIN
867,49.64244115,116.7478257,EELIN
869,52.2116784,115.3265223,EELIN
874,54.40292283,115.1314372,EELIN
877,54.67127803,113.9516035,EELIN
879,55.50403279,121.0220098,EELIN
880,55.62889899,114.1529269,EELIN
881,51.03357018,116.1693025,EELIN
882,54.68946399,114.8518171,EELIN
884,52.90356135,120.4917544,EELIN
885,50.86527951,115.2688842,EELIN
887,55.89354634,112.9519942,EELIN
889,51.28023723,117.0670949,EELIN
890,52.86914282,114.3982916,EELIN
891,56.12263731,115.0080948,EELIN
893,54.671079,111.9883242,EELIN
894,55.88978551,114.269232,EELIN
895,53.04418132,111.8487447,EELIN
896,53.88472576,113.8080643,EELIN
897,55.89075223,114.8897734,EELIN
898,50.16060358,114.1259826,EELIN
900,54.72940087,113.5402797,EELIN
903,52.04873521,118.1713691,EELIN
906,55.04751592,119.9998374,EELIN
909,52.98364188,114.0778339,EELIN
911,53.96013319,115.158919,EELIN
914,52.70839825,113.8325567,EELIN
917,53.86172095,110.9069698,EELIN
919,56.32550246,114.823494,EELIN
922,51.81967743,110.8503685,EELIN
924,55.21878582,112.4649006,EELIN
925,55.07233552,114.9718012,EELIN
926,52.98593547,119.7427926,EELIN
927,54.62392754,113.8312418,EELIN
928,51.0509299,111.2634661,EELIN
930,55.39456324,114.5607372,EELIN
933,52.82204995,115.0563807,EELIN
935,58.45557937,114.7788271,EELIN
936,56.55379236,114.6645704,EELIN
937,56.17801673,113.7680226,EELIN
939,52.99389517,114.701375,EELIN
940,52.26920642,119.2774879,EELIN
941,55.30967432,112.7088898,EELIN
942,55.64571812,114.7514646,EELIN
943,52.42907421,111.6841099,EELIN
947,51.93903577,115.755712,EELIN
948,55.62874499,114.1725283,EELIN
950,57.40919076,114.8747884,EELIN
951,57.54481139,114.0992208,EELIN
952,54.05582123,115.38068,EELIN
953,54.55056201,112.4771288,EELIN
955,53.3785721,112.5490271,EELIN
956,54.87389892,114.6198943,EELIN
959,55.20013535,114.5792789,EELIN
960,55.54300612,111.8877526,EELIN
962,59.11025225,113.842721,EELIN
964,56.31191894,112.549456,EELIN
966,53.21299464,112.7037702,EELIN
969,54.1178144,114.6946557,EELIN
972,56.97525652,114.2163944,EELIN
974,55.43291319,113.5595037,EELIN
975,52.74954888,114.6649821,EELIN
977,52.58276354,114.5502841,EELIN
978,52.38993405,114.5476516,EELIN
979,54.18978341,114.3466485,EELIN
983,57.61030038,113.7235603,EELIN
984,53.72017764,112.5066705,EELIN
987,55.67039707,114.0038581,EELIN
989,50.73815395,111.4648344,EELIN
993,53.25189913,122.3720628,EELIN
994,56.53977417,113.5129054,EELIN
996,53.00520307,112.347901,EELIN
997,56.63754581,114.2914855,EELIN
999,56.10401327,122.3571624,EELIN
1000,56.28304255,113.9522163,EELIN
1004,51.75910921,122.492033,EELIN
1005,52.01939173,118.8575162,EELIN
1007,51.89917812,116.4312369,EELIN
1009,53.65358763,114.1737425,EELIN
1010,52.95180047,115.0033222,EELIN
1016,54.10218279,114.245058,EELIN
1018,54.65161626,113.284857,EELIN
1020,53.74835093,113.4814419,EELIN
1021,56.21070877,114.2674523,EELIN
1022,52.96771141,112.8760177,EELIN
1025,52.80573376,113.4888215,EELIN
1028,54.21136757,121.0125232,EELIN
1029,52.71665376,115.6988146,EELIN
1030,57.41184342,113.8133724,EELIN
1031,55.25286436,113.6237053,EELIN
1032,56.0832582,113.6231563,EELIN
1033,54.61869601,111.8078047,EELIN
1035,55.37188166,113.9566359,EELIN
1036,54.23261215,121.8541075,EELIN
1037,55.06274328,112.6001508,EELIN
1038,56.38450093,115.0348895,EELIN
1041,49.73627627,116.0229447,EELIN
1044,54.43223619,121.981885,EELIN
1045,55.78079454,111.456313,EELIN
1048,53.20510653,112.4673572,EELIN
1052,52.62917542,115.2808253,EELIN
1056,54.3140221,113.3841439,EELIN
1057,52.58531584,112.263045,EELIN
1061,55.84822648,114.6057822,EELIN
1063,54.23081364,119.9306116,EELIN
1064,54.22217561,114.2084547,EELIN
1066,59.12308162,113.6782891,EELIN
1067,53.36633126,114.0408944,EELIN
1069,51.83482381,115.1460383,EELIN
1074,50.98309924,115.3104567,EELIN
1075,55.64975419,113.447824,EELIN
1076,55.74471566,125.6375929,EELIN
1077,55.36575087,114.2261248,EELIN
1079,53.52212897,115.6352918,EELIN
1081,55.20893057,113.0069904,EELIN
1082,57.25609645,113.7660966,EELIN
1083,56.45976707,114.0992319,EELIN
1087,51.09658992,114.6813291,EELIN
1091,55.10467455,115.1309242,EELIN
1094,53.99679015,114.5184346,EELIN
1096,55.81692899,114.4695235,EELIN
1097,51.47071738,110.111634,EELIN
1098,54.88463189,114.7210471,EELIN
1100,53.7028418,111.5291504,EELIN
1101,57.66927077,113.4848286,EELIN
1104,53.79688625,119.8454002,EELIN
1105,55.12206909,112.4562593,EELIN
1106,53.22031723,111.7473891,EELIN
1107,53.71904571,115.8165987,EELIN
1111,51.30434962,114.13932,EELIN
1112,54.78839654,120.32456,EELIN
1113,54.77280384,112.5139027,EELIN
1114,52.53830669,112.8261172,EELIN
1115,56.88795685,114.0054879,EELIN
1116,51.36393854,114.7255727,EELIN
1117,52.23218172,114.6085671,EELIN
1118,54.14246574,113.7027135,EELIN
1119,54.22519535,113.1086963,EELIN
1123,54.11888077,113.6568655,EELIN
1125,52.45256276,110.7944559,EELIN
1128,52.07252243,112.7691325,EELIN
1129,53.15581632,120.5638926,EELIN
1130,57.02611908,113.7787732,EELIN
1131,53.4163268,114.7516916,EELIN
1132,52.62947983,115.3707902,EELIN
1133,53.28156717,115.1593552,EELIN
1136,54.68166745,111.6459618,EELIN
1137,52.52430005,115.7374919,EELIN
1138,51.17043106,114.3908658,EELIN
1141,53.85150377,123.5550681,EELIN
1142,49.72168767,114.0414309,EELIN
1145,48.88783633,115.9365869,EELIN
1146,52.42429266,121.3229603,EELIN
1149,58.59956392,114.8657972,EELIN
1151,55.6137995,112.2993982,EELIN
1155,53.70066722,113.8271463,EELIN
1157,52.39752158,115.4068837,EELIN
1160,49.57421809,114.9036424,EELIN
1161,50.48673291,111.1841211,EELIN
1165,54.86196168,114.8927818,EELIN
1167,50.99007442,116.8255487,EELIN
1168,47.61274358,116.1345434,EELIN
1171,49.60998146,111.0258176,EELIN
1173,55.42398785,115.2209347,EELIN
1176,51.12302119,110.9204165,EELIN
1177,55.48298815,114.2259365,EELIN
1178,51.7650297,113.4846464,EELIN
1182,52.1774089,119.1552199,EELIN
1183,52.64833541,115.1924638,EELIN
1185,54.94391209,113.9621948,EELIN
1186,54.14278806,114.98209,EELIN
1188,53.58900513,112.4075565,EELIN
1189,57.39964948,114.5028894,EELIN
1193,55.52141448,112.6497028,EELIN
1196,51.67092361,114.5254404,EELIN
1199,53.76214752,112.3408202,EELIN
1202,54.81833445,114.4507635,EELIN
1205,48.05746399,119.5388935,JAY
1207,51.34974975,119.020342,JAY
1209,51.90591736,117.8976537,JAY
1212,47.75648866,118.9216039,JAY
1213,52.65911585,120.4261357,JAY
1215,48.43586753,117.0543258,JAY
1216,52.55182096,116.2611145,JAY
1217,50.96518095,118.545142,JAY
1218,47.60353767,118.737701,JAY
1219,50.85678996,118.1807161,JAY
1220,48.81945897,118.6179052,JAY
1222,44.61073027,119.4154118,JAY
1224,49.63982648,117.1744685,JAY
1225,48.60619826,115.5813214,JAY
1226,44.45301633,117.7361231,JAY
1229,51.00031225,116.5099948,JAY
1230,47.69616383,117.4800585,JAY
1231,50.79848954,118.683818,JAY
1232,51.85291232,117.171595,JAY
1233,49.88277197,116.3611529,JAY
1234,51.02740554,120.1939797,JAY
1235,47.70388926,117.8322787,JAY
1236,48.22503512,119.3310766,JAY
1238,51.5158567,117.7974841,JAY
1239,48.159792,119.6236279,JAY
1240,52.28455295,119.0925756,JAY
1241,51.18023656,117.950023,JAY
1242,49.42391856,120.4201427,JAY
1243,45.6799906,117.5880487,JAY
1244,51.18852396,121.050504,JAY
1245,50.02810286,119.391335,JAY
1246,50.11764591,119.1860707,JAY
1248,49.18311482,116.8901936,JAY
1249,49.16178127,117.0923941,JAY
1250,48.47392113,116.8682874,JAY
1251,50.54315373,118.0945723,JAY
1252,49.70003431,118.5841128,JAY
1253,53.78859881,119.758914,JAY
1254,45.60888344,118.6217008,JAY
1255,52.01606299,117.0437965,JAY
1256,50.70333894,118.2330707,JAY
1257,50.44050709,117.0154131,JAY
1258,42.02505897,118.0566094,JAY
1259,50.31762345,119.6780878,JAY
1260,53.703422,122.599671,JAY
1261,50.13072201,118.2775543,JAY
1262,48.13652923,116.8621009,JAY
1263,49.17612424,119.7943598,JAY
1264,54.21673408,120.2434737,JAY
1265,48.49228349,118.0365384,JAY
1267,44.60897911,118.4309182,JAY
1268,49.90993069,114.8688619,JAY
1269,47.52111408,117.3885877,JAY
1270,46.88832996,117.8551039,JAY
1271,49.95817762,122.6346801,JAY
1272,53.50370841,121.2703729,JAY
1273,43.30578895,118.9036386,JAY
1274,51.25106202,117.5825231,JAY
1275,50.9304119,117.6415176,JAY
1277,51.56092998,119.26463,JAY
1278,51.51861629,118.183256,JAY
1279,47.97969333,120.4900555,JAY
1280,48.88618512,120.2671266,JAY
1281,50.49279905,118.3195031,JAY
1283,45.6711355,120.7657677,JAY
1284,52.13213777,117.7395122,JAY
1285,52.6714288,119.4646578,JAY
1286,49.39975097,117.6294516,JAY
1287,46.16029184,120.722505,JAY
1288,52.52350437,115.8962587,JAY
1289,48.97560077,118.5958849,JAY
1290,49.83806484,117.8030676,JAY
1292,53.3146817,119.8802872,JAY
1293,49.28751554,120.5905976,JAY
1294,51.4115582,120.0516931,JAY
1295,46.38205432,115.1227527,JAY
1296,46.86374528,119.0072808,JAY
1297,53.0385188,115.5248459,JAY
1298,47.75124873,118.3698515,JAY
1300,45.72907995,116.5631562,JAY
1302,49.70729733,118.1745587,JAY
1303,51.7876378,119.3546809,JAY
1304,52.02577777,117.5014515,JAY
1306,45.98042106,116.4992373,JAY
1307,49.86761,119.374663,JAY
1309,44.92163482,117.9147969,JAY
1310,52.1057563,119.0391131,JAY
1311,47.18541519,116.0287886,JAY
1313,48.73406624,118.0239307,JAY
1314,45.57531685,118.9435289,JAY
1315,48.24488966,116.7140261,JAY
1316,51.96274725,116.1257621,JAY
1317,47.4482801,117.0664485,JAY
1318,47.41609263,120.3612802,JAY
1319,51.73298956,116.5031756,JAY
1320,53.06115886,119.6701427,JAY
1323,50.82976519,116.9815596,JAY
1325,46.7894403,117.0594798,JAY
1326,51.74823174,118.9609623,JAY
1327,49.97083537,120.4884506,JAY
1328,49.00744767,120.0328126,JAY
1329,51.72331672,119.9457456,JAY
1330,49.42870037,116.1978753,JAY
1331,53.80834221,119.4603599,JAY
1332,51.77128579,116.552428,JAY
1334,50.31790358,117.5549572,JAY
1335,51.88112576,119.1788764,JAY
1337,52.1122935,117.6591829,JAY
1338,51.24751199,117.7925343,JAY
1339,44.0896473,119.4068433,JAY
1340,49.79737371,119.0824848,JAY
1341,51.12285373,119.8570216,JAY
1342,54.03279449,119.7765742,JAY
1343,44.06488798,115.3654057,JAY
1345,47.59979894,118.751085,JAY
1346,46.03927261,118.7917856,JAY
1347,48.15801959,121.4025428,JAY
1348,50.52525394,117.3984767,JAY
1349,47.05494884,116.858796,JAY
1350,49.69392602,119.4849045,JAY
1351,46.53259015,118.1164482,JAY
1352,48.27002473,118.0559096,JAY
1353,48.9056999,115.2407799,JAY
1354,47.41635299,119.2573534,JAY
1355,47.29443679,117.5547254,JAY
1356,50.18932975,117.3767033,JAY
1357,50.48158804,118.7002793,JAY
1358,52.49278552,119.0749312,JAY
1360,51.45710195,115.2959501,JAY
1361,50.40997853,118.5516795,JAY
1362,49.95314122,117.5160448,JAY
1363,48.51880429,118.5853202,JAY
1364,47.19042748,119.4291221,JAY
1365,48.67904875,120.4582807,JAY
1366,48.64450391,114.300283,JAY
1367,50.81731709,117.6814631,JAY
1368,49.71720738,119.2442799,JAY
1369,48.77908201,120.4617615,JAY
1370,45.8127676,116.2834556,JAY
1371,46.96386498,117.643908,JAY
1372,50.75908001,118.2060653,JAY
1373,49.33076266,116.9631452,JAY
1376,47.4455301,117.6413533,JAY
1378,50.23796464,119.155515,JAY
1379,49.26577576,117.7966254,JAY
1380,46.66348413,118.3129344,JAY
1381,45.11430435,116.3600153,JAY
1382,46.41893309,118.5677999,JAY
1383,48.52298457,118.8532205,JAY
1384,52.58454783,119.9966265,JAY
1385,52.71348197,119.7831059,JAY
1386,45.10572781,115.8561867,JAY
1387,49.87787474,120.6596437,JAY
1388,46.62407284,118.9876327,JAY
1389,46.42504755,118.1940163,JAY
1390,51.95422456,119.9093158,JAY
1391,48.03173094,117.4358287,JAY
1392,50.32759237,116.8063696,JAY
1393,48.90181613,117.833741,JAY
1394,48.15028738,116.3646675,JAY
1395,52.14627172,117.1295402,JAY
1396,50.09798391,118.3168263,JAY
1397,42.92349542,118.4526669,JAY
1399,45.69534988,120.6738484,JAY
1400,48.71494256,119.6366274,JAY
1401,49.31199782,114.5225868,JAY
1402,51.81481543,118.9960896,JAY
1404,45.46046502,118.2708205,JAY
1406,49.20946509,116.6442857,JAY
1407,49.64488926,117.1539951,JAY
1408,48.62123227,120.3108389,JAY
1409,49.02406456,119.1765789,JAY
1410,46.656683,118.1295434,JAY
1411,51.16082451,117.9065103,JAY
1412,48.80004628,119.6992198,JAY
1413,49.25850455,118.3169068,JAY
1414,51.85485184,117.6128735,JAY
1415,50.38928692,115.6097419,JAY
1416,50.82929796,117.5428967,JAY
1417,49.62100619,120.4428724,JAY
1418,48.96984277,118.2153151,JAY
1419,50.84719475,118.3341725,JAY
1420,47.26506669,119.4495781,JAY
1421,54.22694842,119.4299439,JAY
1422,45.74913416,119.1824759,JAY
1423,49.04647426,116.513599,JAY
1424,48.18904818,116.5010872,JAY
1427,49.17504167,120.5656835,JAY
1428,53.64362386,121.0999185,JAY
1429,50.75916617,118.0190371,JAY
1430,45.56752525,118.7061212,JAY
1432,48.48974408,118.1015411,JAY
1434,44.36710208,115.8664253,JAY
1435,47.43112249,119.6406502,JAY
1437,49.36138555,119.5897508,JAY
1438,49.70196954,118.0208911,JAY
1439,47.13970189,117.6439573,JAY
1440,53.30391636,119.4151026,JAY
1441,51.63201546,120.4026053,JAY
1442,49.27992674,117.4063711,JAY
1444,48.41688476,117.3762359,JAY
1445,48.04053832,118.2745984,JAY
1446,49.21449622,117.8128777,JAY
1447,51.27209143,119.0230485,JAY
1448,47.82571098,115.9067607,JAY
1449,47.64390119,117.9941273,JAY
1450,48.39978586,116.9510314,JAY
1451,50.41989696,117.0426767,JAY
1454,46.54312026,119.0675224,JAY
1455,50.34502682,118.9335357,JAY
1456,50.52834693,119.38087,JAY
1457,45.82898693,117.8055552,JAY
1458,48.10470515,115.7013213,JAY
1459,46.99382849,119.0813963,JAY
1461,51.65864114,118.3685252,JAY
1462,48.83704525,120.0059354,JAY
1463,48.78022221,120.3966157,JAY
1464,48.87097352,117.3505825,JAY
1465,51.5585826,118.5731177,JAY
1466,48.57166085,120.4557006,JAY
1468,45.26863003,120.074793,JAY
1469,47.47777792,121.3120264,JAY
1470,53.62955052,119.4730837,JAY
1471,45.69086969,114.8652952,JAY
1472,53.60872005,120.1318245,JAY
1473,48.11934244,116.6827403,JAY
1474,47.52479572,120.1876614,JAY
1475,46.94124863,117.7109034,JAY
1476,48.42154825,116.3891881,JAY
1477,50.2131874,118.5350744,JAY
1479,51.88085316,119.6769919,JAY
1480,44.88789394,116.8237701,JAY
1481,48.3633054,119.9355743,JAY
1482,48.91684803,119.9337959,JAY
1484,49.91768816,116.8987554,JAY
1485,51.82071216,118.7217796,JAY
1486,48.26085372,117.7197398,JAY
1487,51.00351299,120.675383,JAY
1488,51.46027913,118.7344943,JAY
1490,50.33265493,121.008585,JAY
1493,46.06840111,117.7327568,JAY
1494,49.27683768,115.8186574,JAY
1495,50.29436866,121.1904862,JAY
1496,49.26254383,119.0542328,JAY
1497,47.06482214,116.9915127,JAY
1498,48.47511654,120.6100493,JAY
1499,50.67719629,120.4467169,JAY
1500,50.0012982,117.351534,JAY
1501,51.01186342,119.190357,JAY
1502,50.83046009,118.9969903,JAY
1503,51.70136134,117.3569017,JAY
1504,48.80018741,117.2996177,JAY
1505,52.50505336,119.9280867,JAY
1506,48.73895634,117.3095961,JAY
1507,49.4488129,117.5186545,JAY
1508,52.53645802,119.6597229,JAY
1511,53.75796623,121.2412314,JAY
1512,50.48472659,117.8426347,JAY
1513,46.73370299,117.3128457,JAY
1514,48.97114566,121.5575382,JAY
1515,47.21787721,117.7876902,JAY
1516,49.19228789,120.3366224,JAY
1517,43.75959504,118.9712095,JAY
1518,48.82064092,119.1101591,JAY
1519,51.44918564,121.5543687,JAY
1521,49.58460174,121.1249187,JAY
1522,45.35740052,122.0641061,JAY
1523,51.07512003,115.2429254,JAY
1524,50.99954431,119.8946322,JAY
1526,44.62927124,117.3665356,JAY
1527,43.99715097,119.249256,JAY
1528,50.66105149,119.9946956,JAY
1529,51.8013958,117.6754243,JAY
1530,49.32818218,116.8243738,JAY
1531,44.17210494,120.6792363,JAY
1532,47.95298631,119.6917994,JAY
1533,52.38613251,119.4627797,JAY
1535,50.20002849,118.5286717,JAY
1536,44.97478953,118.2792113,JAY
1537,45.87458984,119.2208886,JAY
1538,51.26378603,117.5032656,JAY
1539,48.78765932,116.0678684,JAY
1540,50.06144004,119.8705664,JAY
1541,50.68088959,119.8026374,JAY
1542,51.79162626,115.5982878,JAY
1543,46.7524904,118.7015915,JAY
1544,49.32527534,120.2986026,JAY
1545,50.67958585,120.4461644,JAY
1546,51.35169469,117.9470458,JAY
1548,49.29550929,119.8190255,JAY
1549,48.03334788,117.5597812,JAY
1550,46.4767687,114.507531,JAY
1551,51.25974683,116.8541855,JAY
1552,51.89017157,117.529175,JAY
1553,50.09605693,117.4569565,JAY
1554,50.46241743,123.0899785,JOHN
1555,50.82528864,117.6354307,JOHN
1556,53.82179492,119.5480574,JOHN
1558,51.00744759,119.2699776,JOHN
1559,53.06745966,121.3930044,JOHN
1560,50.35203279,121.8388612,JOHN
1561,53.01927106,123.7535002,JOHN
1562,53.42809184,121.8831966,JOHN
1563,51.3751661,121.0333715,JOHN
1564,54.05553959,121.6214251,JOHN
1565,49.47115507,122.2972179,JOHN
1567,53.5787867,121.4360477,JOHN
1568,52.69132465,119.3245901,JOHN
1571,52.54394939,120.8116451,JOHN
1572,53.30189047,119.9091533,JOHN
1574,47.54878676,117.5515471,JOHN
1575,52.20084267,121.451738,JOHN
1576,52.92852053,121.491579,JOHN
1578,51.29799291,118.2018465,JOHN
1580,50.57434366,120.1642554,JOHN
1582,51.79194592,121.3426345,JOHN
1583,54.17256679,121.2680952,JOHN
1586,52.08870584,121.3031499,JOHN
1588,52.0127912,119.585319,JOHN
1589,54.26225192,120.9220302,JOHN
1590,52.56355965,123.7462576,JOHN
1591,51.67517357,121.7080373,JOHN
1592,53.77137167,124.6344487,JOHN
1594,54.91336979,120.1825563,JOHN
1595,50.24996995,120.5028201,JOHN
1596,51.4886147,118.3113247,JOHN
1600,49.03480829,117.2787589,JOHN
1601,52.37086121,116.1380063,JOHN
1603,49.20200537,119.7849647,JOHN
1604,50.65507355,117.1512699,JOHN
1605,51.51250238,116.9348317,JOHN
1606,51.62645316,120.9243863,JOHN
1608,52.25730692,122.9760263,JOHN
1609,54.28735842,121.3438589,JOHN
1610,54.28297122,121.4319669,JOHN
1612,53.06623386,120.8722188,JOHN
1613,52.24799551,121.060684,JOHN
1614,51.49834399,120.0624471,JOHN
1615,52.5038806,122.786064,JOHN
1619,48.15616636,122.8738875,JOHN
1621,54.32091848,120.0432438,JOHN
1622,51.57485698,121.544576,JOHN
1625,53.63889615,120.6511858,JOHN
1626,52.0332925,114.2082951,JOHN
1628,53.48568709,122.2307438,JOHN
1629,52.31386926,125.0754808,JOHN
1630,50.67472408,121.4087492,JOHN
1632,53.24360676,120.711208,JOHN
1633,53.60445894,119.7934265,JOHN
1634,54.86308746,125.6378239,JOHN
1635,50.85251571,120.7488113,JOHN
1636,54.80966174,114.6710702,JOHN
1637,51.91704576,118.6607175,JOHN
1638,51.80295792,121.058791,JOHN
1639,52.04508701,119.3197831,JOHN
1640,51.3427563,116.9388128,JOHN
1641,53.26067242,120.340386,JOHN
1642,52.31005716,121.5871422,JOHN
1643,52.28550595,121.0632146,JOHN
1644,53.01466178,125.0360525,JOHN
1645,51.13364454,117.8403355,JOHN
1646,49.23117364,123.8702266,JOHN
1647,51.59456409,120.6388796,JOHN
1648,52.84978277,123.0378139,JOHN
1650,53.23817076,120.4871264,JOHN
1652,52.24547975,119.8534309,JOHN
1653,51.61877643,124.0494126,JOHN
1654,52.25721143,120.6494362,JOHN
1655,52.35019072,122.0108719,JOHN
1656,53.31286648,124.6646181,JOHN
1657,52.67067516,123.3514557,JOHN
1658,50.48968226,117.1356034,JOHN
1659,53.53146199,119.5827741,JOHN
1660,56.70183478,123.9365327,JOHN
1661,50.73830579,117.9440817,JOHN
1662,52.0719019,123.1457606,JOHN
1663,54.80027444,123.703529,JOHN
1664,53.796719,120.4626964,JOHN
1665,51.92302279,124.8028681,JOHN
1666,50.63721489,116.5997704,JOHN
1667,54.44864815,123.9317897,JOHN
1672,51.92291762,120.9463157,JOHN
1673,52.99277796,122.001794,JOHN
1674,52.88610334,119.7314869,JOHN
1675,53.08444788,120.9623831,JOHN
1676,52.70128362,121.0051053,JOHN
1677,51.33740036,121.5949479,JOHN
1678,54.93533886,121.5896195,JOHN
1679,51.67720612,121.3204666,JOHN
1680,52.11306735,114.7584641,JOHN
1681,48.41330004,120.1849302,JOHN
1682,54.525832,120.7656911,JOHN
1683,49.70770669,123.9668533,JOHN
1684,55.165444,121.6146943,JOHN
1686,52.47026775,124.2497301,JOHN
1687,50.42172169,120.086269,JOHN
1688,48.84285846,115.2441403,JOHN
1689,53.00091492,122.1508367,JOHN
1690,51.77312576,116.8324132,JOHN
1691,52.44803891,120.7564958,JOHN
1694,52.38246737,122.3684094,JOHN
1696,50.02069226,116.454835,JOHN
1697,53.85944759,123.280894,JOHN
1698,54.21287835,123.6415517,JOHN
1699,54.67815111,122.2280106,JOHN
1701,53.00450925,120.6015333,JOHN
1702,51.10909595,121.9461611,JOHN
1703,49.88548076,120.6638749,JOHN
1704,52.11870034,118.8555126,JOHN
1705,51.49970512,119.9147147,JOHN
1708,52.08095124,121.5369181,JOHN
1709,53.75551032,120.4463573,JOHN
1710,52.71645038,124.1927726,JOHN
1711,53.04751615,120.9431477,JOHN
1712,54.49841007,114.6329886,JOHN
1713,52.78429284,125.1690104,JOHN
1714,51.69173808,120.238543,JOHN
1715,50.9660425,114.2932731,JOHN
1716,50.54863727,118.5268595,JOHN
1717,52.01336085,124.7916478,JOHN
1718,50.8594883,118.6807395,JOHN
1719,52.75317061,119.6611473,JOHN
1720,51.09832762,119.4867637,JOHN
1723,53.70290478,122.2783598,JOHN
1724,51.36571237,120.6087869,JOHN
1725,54.34561595,123.0252829,JOHN
1726,54.32024059,125.536463,JOHN
1727,51.1868612,117.7955616,JOHN
1728,54.10440232,115.3598338,JOHN
1729,51.11341951,125.2010119,JOHN
1730,47.07741306,123.0780274,JOHN
1731,52.33853781,119.7929207,JOHN
1732,51.97774864,121.2205638,JOHN
1734,50.86258701,121.8945661,JOHN
1736,53.79199259,121.1909215,JOHN
1738,54.16538309,122.0414456,JOHN
1739,51.75337943,119.6104322,JOHN
1740,52.66031455,120.8488101,JOHN
1741,50.33995173,120.5737632,JOHN
1742,49.47542055,117.9109718,JOHN
1747,55.37037087,122.0040191,JOHN
1748,50.97117066,123.1128212,JOHN
1749,52.06224028,119.9789174,JOHN
1750,52.58520768,123.2813038,JOHN
1752,52.02716299,119.3232124,JOHN
1755,50.82642667,122.2338639,JOHN
1757,52.25612421,114.6411689,JOHN
1758,52.08305766,120.6358283,JOHN
1759,51.78405113,120.7697711,JOHN
1760,52.97209254,123.4458848,JOHN
1761,50.41924811,119.9617943,JOHN
1762,54.32974639,122.8358438,JOHN
1763,51.41947038,121.7716502,JOHN
1764,50.25065586,122.3840798,JOHN
1765,48.96180535,116.741947,JOHN
1766,50.97190495,125.2442043,JOHN
1767,49.30511152,121.3009713,JOHN
1768,55.62899515,123.5720735,JOHN
1769,50.00789484,120.5378631,JOHN
1770,52.14407766,122.0093088,JOHN
1771,55.91870426,124.9795377,JOHN
1773,54.80045522,121.6030681,JOHN
1774,54.45458313,123.0051709,JOHN
1777,52.00278531,122.3010076,JOHN
1778,47.99922229,123.2790073,JOHN
1779,53.32828713,121.7827544,JOHN
1780,50.46509755,121.5901618,JOHN
1781,48.03300511,117.085892,JOHN
1782,53.07144008,121.2578595,JOHN
1784,53.18686353,123.8551985,JOHN
1785,51.60361941,121.6009626,JOHN
1786,48.56987606,121.2385823,JOHN
1787,50.04233865,124.4902633,JOHN
1788,51.86604066,120.0098304,JOHN
1789,53.07184039,120.5360054,JOHN
1790,53.05627936,124.7873058,JOHN
1791,50.65667607,115.0761294,JOHN
1792,52.95488808,122.3980238,JOHN
1793,51.57508495,115.0192856,JOHN
1794,50.93277175,120.7192838,JOHN
1795,51.97367151,115.605519,JOHN
1796,50.68408742,116.6679298,JOHN
1797,53.52278304,121.7473133,JOHN
1798,50.70018763,120.8548409,JOHN
1799,51.32669563,118.790278,JOHN
1801,52.66237667,123.1191498,JOHN
1802,53.32684809,123.9629546,JOHN
1803,50.2105869,121.7710747,JOHN
1804,55.17451953,123.3648783,JOHN
1806,53.21509179,123.385403,JOHN
1807,51.80486581,123.6518312,JOHN
1808,53.6453648,122.8798671,JOHN
1810,51.18372363,118.5057581,JOHN
1811,50.10475274,120.5862882,JOHN
1812,52.08696336,115.7510726,JOHN
1814,55.07906625,120.5724351,JOHN
1815,49.7124072,120.912872,JOHN
1817,56.15785952,121.7402705,JOHN
1818,52.89020088,121.4611375,JOHN
1820,51.82329527,123.5927367,JOHN
1821,52.35683954,120.1238528,JOHN
1822,51.24734305,120.7100993,JOHN
1823,52.99224674,121.0223582,JOHN
1824,52.13253855,122.0636098,JOHN
1825,51.16691857,116.6009601,JOHN
1826,53.87004098,120.8305451,JOHN
1828,51.74634701,123.4915612,JOHN
1829,51.42442465,121.1293036,JOHN
1830,48.49250986,119.5252921,JOHN
1831,51.23406936,116.394591,JOHN
1833,53.94822311,120.7146049,JOHN
1834,55.3525664,121.322627,JOHN
1835,52.32782379,123.7657075,JOHN
1838,51.81392238,120.1162244,JOHN
1839,49.76832396,119.0382167,JOHN
1840,48.27431006,120.5593838,JOHN
1841,50.72568043,122.4196791,JOHN
1842,52.50927726,121.0533881,JOHN
1844,52.10456474,119.9931567,JOHN
1845,53.52270519,120.0812635,JOHN
1847,49.63721527,124.7306399,JOHN
1848,52.23090449,120.7365614,JOHN
1849,51.35714675,120.391649,JOHN
1851,53.30597001,120.9669989,JOHN
1853,52.14482717,120.8473984,JOHN
1855,53.73522775,113.5216462,JOHN
1857,56.86044663,123.461468,JOHN
1858,53.09175003,120.8675144,JOHN
1859,52.62398508,121.9351622,JOHN
1860,54.03972743,119.4892156,JOHN
1861,51.79749953,122.4452482,JOHN
1862,51.59345461,122.4226648,JOHN
1865,53.20594408,123.0784441,JOHN
1867,51.90320378,122.8437045,JOHN
1868,54.34697913,124.714649,JOHN
1869,52.5899016,123.8236623,JOHN
1870,54.95579101,124.9753474,JOHN
1871,54.23747881,121.3437364,JOHN
1872,51.40804718,118.7180402,JOHN
1873,51.28019527,121.3303819,JOHN
1874,50.96883694,118.634279,JOHN
1875,55.74701989,122.5793465,JOHN
1877,51.25044006,116.6901391,JOHN
1878,48.35431111,121.4443171,JOHN
1880,51.86383701,118.1415758,JOHN
1881,52.83275687,115.5941184,JOHN
1882,54.70925218,121.3073993,JOHN
1883,51.39514187,119.1214904,JOHN
1884,52.42772588,121.538835,JOHN
1887,51.89174799,120.2065829,JOHN
1889,55.11622793,121.6469716,JOHN
1890,50.5299044,121.5907458,JOHN
1892,52.159165,123.7177361,JOHN
1893,51.28717021,120.1025445,JOHN
1894,51.84302481,117.6460244,JOHN
1895,50.44871401,120.8696375,JOHN
1897,52.24900831,118.7016104,JOHN
1898,52.79463,121.2569971,JOHN
1900,56.12559747,122.5318435,JOHN
1901,49.19600259,121.6309371,JOHN
1903,50.56174343,119.2763808,JOHN
1904,54.13377805,124.0825387,JOHN
1905,51.92145463,122.3572719,JOHN
1907,51.37289832,122.6106406,JOHN
1908,50.67411634,118.6174659,JOHN
1909,48.91098808,117.3928278,JOHN
1911,51.48317276,120.170888,JOHN
1912,48.44166904,123.8921519,JOHN
1913,49.50224697,120.5696593,JOHN
1914,53.49747947,123.4935263,JOHN
1915,52.17420127,121.2615934,JOHN
1916,56.11938963,124.5764646,JOHN
1917,50.57812057,116.4556376,JOHN
1918,53.72394857,121.2337489,JOHN
1919,51.90259199,118.241815,JOHN
1920,54.61781223,120.1585511,JOHN
1921,55.39724805,121.6636536,JOHN
1922,51.42097237,122.0176889,JOHN
1923,52.70491913,120.618665,JOHN
1926,50.30282259,115.4652541,JOHN
1927,51.85182173,117.6940078,JOHN
1928,51.8579278,124.4171762,JOHN
1929,50.23693856,120.4460653,JOHN
1930,54.53820985,123.5190391,JOHN
1931,56.25567123,123.4724426,JOHN
1933,50.53755849,122.161279,JOHN
1934,49.90593156,123.8085478,JOHN
1935,50.02440654,119.9287838,JOHN
1936,53.54836214,124.8208342,JOHN
1937,48.67524577,123.1322949,JOHN
1938,52.55999081,121.8220477,JOHN
1939,51.34452791,118.416337,JOHN
1941,53.87033534,119.9953269,JOHN
1942,53.07650638,115.0424691,JOHN
1944,50.75872415,123.4154936,JOHN
1945,49.79940757,119.155175,JOHN
1947,51.49336135,119.1497721,JOHN
1949,56.01143828,123.2237053,JOHN
1952,49.56670523,121.3617747,JOHN
1954,53.25788963,120.4075514,JOHN
1955,51.74334713,116.8203184,JOHN
1958,52.01560559,122.8246744,JOHN
1961,51.49425107,118.9564719,JOHN
1962,49.71150896,120.1226089,JOHN
1965,53.98294822,120.2342532,JOHN
1966,48.57955018,122.9173188,JOHN
1968,50.51086272,121.3677477,JOHN
1969,55.61985105,121.5330127,JOHN
1970,51.98860511,117.0534106,JOHN
1971,52.0922112,119.5944309,JOHN
1972,52.6274379,121.1552634,JOHN
1976,53.95590504,115.250299,JOHN
1977,51.10595815,118.3248939,JOHN
1978,51.46635685,121.8297572,JOHN
1979,53.91114543,120.3282632,JOHN
1980,51.34046681,116.4791455,JOHN
1981,50.89517162,119.5760543,JOHN
1982,48.62679214,122.7932871,JOHN
1983,52.59569629,120.0523966,JOHN
1985,53.50043871,122.4639541,JOHN
1986,50.3382513,118.2962537,JOHN
1987,51.21379009,118.1800794,JOHN
1989,53.44140579,125.4234204,JOHN
1991,54.20524327,123.9800905,JOHN
1992,53.10293254,121.6751835,JOHN
1994,49.73099937,119.4397925,JOHN
1995,53.96486659,120.4064067,JOHN
1996,51.63319362,120.7783203,JOHN
1997,54.77591078,120.1712634,JOHN
1999,50.38218658,122.7699623,JOHN
2000,51.61505716,121.7179797,JOHN
2001,56.0278739,123.9440089,JOHN
2004,51.27573219,119.0167917,JOHN
2005,52.5417691,118.8245028,JOHN
2006,53.30191585,121.2010758,JOHN
2008,53.1090671,119.2994718,JOHN
2010,54.53236851,121.2618741,JOHN
2011,49.97657532,118.6282098,JOHN
2012,53.14348028,121.3982653,JOHN
2013,54.91015603,123.5498898,JOHN
2014,54.29867524,120.5653494,JOHN
2021,56.05242907,122.2483587,RON
2025,54.16175532,123.9155775,RON
2026,55.37167031,121.5818792,RON
2027,55.72714028,127.87571,RON
2028,51.32267259,121.638321,RON
2030,54.09396396,125.8148702,RON
2031,53.78254806,122.9565254,RON
2032,55.59206053,125.3917455,RON
2033,55.70760744,123.2263792,RON
2034,56.11229977,124.1488934,RON
2035,54.84606164,122.5596425,RON
2036,54.93181652,126.182994,RON
2041,55.09952325,127.0144528,RON
2044,54.44937833,122.7894716,RON
2045,55.42737919,125.0848263,RON
2049,55.39046843,121.536173,RON
2051,56.03118311,124.1593778,RON
2053,54.8698466,125.5321466,RON
2055,55.28071387,126.9348555,RON
2056,56.94553832,125.0457854,RON
2060,55.60634894,124.4870587,RON
2069,55.06820104,121.3600864,RON
2073,52.99794602,124.6362241,RON
2075,53.1962359,122.4297555,RON
2077,54.04790275,121.4008845,RON
2078,51.48695433,123.269846,RON
2079,54.02107907,123.26345,RON
2080,53.90887679,123.221883,RON
2082,55.3764139,121.8270706,RON
2083,55.25570705,123.4833726,RON
2084,54.59685488,122.8762437,RON
2086,54.31046791,122.4285989,RON
2087,55.8583405,124.36674,RON
2088,51.84260353,123.0508772,RON
2091,55.54627646,124.0229719,RON
2094,53.80221599,124.1344182,RON
2098,54.43689117,125.4533838,RON
2099,55.66464801,126.2300122,RON
2100,53.67470358,123.0958254,RON
2101,56.08038723,126.2059432,RON
2102,54.46963026,119.7260052,RON
2103,56.14606576,127.3645941,RON
2104,51.44343772,122.7770186,RON
2106,54.60655849,125.1149783,RON
2108,56.60416606,124.200315,RON
2117,54.7578404,124.0270088,RON
2118,54.55886116,124.8618591,RON
2119,53.33781047,124.1680265,RON
2120,53.70069224,123.6475682,RON
2121,54.67493829,122.6099534,RON
2123,53.46598796,124.9097082,RON
2124,52.93115563,124.6532115,RON
2125,53.95702625,125.4159573,RON
2128,56.50645601,125.0624964,RON
2130,53.94030625,121.1678207,RON
2131,55.38022762,124.226024,RON
2133,55.47016436,122.6085939,RON
2140,56.1977498,122.8701188,RON
2143,55.57437934,126.3902257,RON
2144,55.88627101,126.5869666,RON
2145,56.27508632,123.6404797,RON
2147,53.99957474,125.922153,RON
2150,56.24216878,123.0193507,RON
2152,56.65565599,124.4072501,RON
2153,52.10960001,124.3353287,RON
2156,52.49247285,124.6501703,RON
2158,53.23036655,121.7994519,RON
2162,55.78994892,122.8255664,RON
2163,53.97708185,122.5415528,RON
2164,55.47599568,121.2598182,RON
2165,53.2642018,123.7142455,RON
2167,55.24533241,125.5908239,RON
2168,55.73782526,123.5410636,RON
2169,53.17944163,121.3356592,RON
2170,53.15064796,122.1096972,RON
2172,54.86579686,125.3495908,RON
2173,55.8741677,127.0061634,RON
2174,52.12208269,124.9082268,RON
2175,56.8804608,125.8094446,RON
2181,56.67535268,124.9191305,RON
2182,56.61894459,123.0977981,RON
2183,56.40588604,126.9763505,RON
2184,55.92290751,126.8448413,RON
2189,51.95482967,124.6183817,RON
2191,54.39584976,125.367065,RON
2194,53.38816455,128.2738736,RON
2196,55.92812604,126.9146459,RON
2197,56.58707332,124.1923019,RON
2199,55.55913966,122.3844746,RON
2201,57.20076962,124.5811551,RON
2203,55.23882027,122.6159866,RON
2206,52.8644388,123.2714608,RON
2210,55.69741462,121.7669702,RON
2211,55.63097661,123.0132337,RON
2214,53.38613114,124.1310403,RON
2215,55.01651102,125.0522439,RON
2217,53.29511519,128.6527532,RON
2218,53.7913035,123.5792297,RON
2219,51.74165919,123.4618295,RON
2220,56.79620333,124.8334566,RON
2221,52.47810594,121.8423315,RON
2222,53.89568119,122.284186,RON
2223,53.97306774,124.0192935,RON
2224,54.3334824,123.5101988,RON
2226,54.37031589,124.5195663,RON
2228,57.41602186,124.5015632,RON
2230,55.69444657,121.1418812,RON
2231,54.7228279,123.0231976,RON
2232,53.27577154,123.1663456,RON
2235,55.83344692,123.9677833,RON
2236,56.14221452,123.0289249,RON
2237,52.90361861,123.6926227,RON
2238,52.24806765,124.0817426,RON
2241,53.09791145,124.6866219,RON
2242,54.374101,125.0765595,RON
2243,52.66790789,122.2738559,RON
2244,53.03787027,125.2125505,RON
2245,56.28501655,123.8399995,RON
2251,54.64604463,125.9354608,RON
2252,56.13839601,121.6578986,RON
2254,55.41147459,124.9228388,RON
2255,56.73462248,126.1596087,RON
2257,54.59074821,126.3945642,RON
2258,55.00421831,126.2005068,RON
2259,53.11332861,130.3259054,RON
2261,52.44983717,120.7987091,RON
2262,50.68595073,122.978958,RON
2263,52.49365001,121.9325988,RON
2264,52.8972352,123.9622881,RON
2268,55.82597521,123.5460299,RON
2269,54.38441308,124.4576549,RON
2271,55.25700757,124.5067697,RON
2272,55.14890239,123.6743514,RON
2273,53.56341096,124.2743322,RON
2276,55.79709058,128.4515078,RON
2277,53.58484165,124.0757517,RON
2278,52.95234398,128.6695264,RON
2280,52.81236995,125.1905829,RON
2281,55.03825346,123.8232672,RON
2283,50.69977577,122.1997484,RON
2284,54.58273818,126.2689071,RON
2285,56.04636494,127.4212767,RON
2286,56.5522105,125.6053258,RON
2287,53.53178633,124.2549302,RON
2288,54.38665423,122.1951524,RON
2289,55.35935887,123.3899705,RON
2290,54.4700704,125.8028497,RON
2294,56.66573107,126.4120189,RON
2295,54.58397101,121.6320659,RON
2299,52.79260252,125.3963039,RON
2300,56.473857,123.5327919,RON
2301,55.27750155,125.1084248,RON
2304,56.45377122,126.1265507,RON
2305,53.10508781,120.2026864,RON
2306,54.98475374,123.8507643,RON
2309,52.84051797,123.1785985,RON
2310,56.93318432,124.0268901,RON
2311,54.63829873,126.394717,RON
2312,55.36759617,125.3895536,RON
2314,55.37870476,125.5793116,RON
2315,54.501693,121.8510651,RON
2316,54.10533701,124.3424255,RON
2317,55.38920807,122.8656046,RON
2318,53.1463852,124.6417481,RON
2319,55.38617218,123.131619,RON
2322,55.93182271,125.3942356,RON
2323,54.80565674,122.259062,RON
2324,48.92138961,124.2820263,RON
2328,56.18086228,123.5858496,RON
2330,55.70658998,123.2911397,RON
2331,56.29190422,126.4198602,RON
2332,54.7855681,123.0660219,RON
2336,55.09689736,120.4510322,RON
2337,55.17695182,124.8190019,RON
2338,54.58194923,125.6000816,RON
2339,55.08456766,122.8966741,RON
2340,53.67178499,122.9864556,RON
2341,54.33366194,125.6544987,RON
2342,55.68332106,124.4183194,RON
2343,56.18019317,123.4924854,RON
2347,53.79155478,122.949089,RON
2353,53.52426451,124.4638998,RON
2354,54.81940872,124.3804101,RON
2356,55.05029808,120.1891526,RON
2360,53.1883367,128.2367547,RON
2361,51.57077045,125.3668889,RON
2362,55.97533884,122.9642732,RON
2367,55.69527738,122.2281636,RON
2368,50.97252889,120.785349,RON
2369,54.59160974,122.4607194,RON
2370,53.75285713,122.9512325,RON
2371,54.73902977,122.8016651,RON
2372,56.25427604,122.7989648,RON
2373,57.00771015,123.6642787,RON
2374,52.6216431,120.3632404,RON
2377,53.04629238,123.2967817,RON
2378,54.61447098,122.4454777,RON
2379,56.66019851,123.773765,RON
2382,56.7350048,127.2776814,RON
2384,54.01843085,124.9455227,RON
2385,52.41058858,123.541619,RON
2386,52.51708904,124.1935729,RON
2387,56.16891116,123.4220592,RON
2391,55.34697254,126.4068696,RON
2396,51.82852422,124.5566085,RON
2397,56.60910314,126.5161251,RON
2398,55.01540367,124.542516,RON
2399,52.66295812,123.2276751,RON
2400,52.19873204,124.0877349,RON
2401,54.90512306,124.0289026,RON
2404,54.43835098,123.7488481,RON
2405,52.56633985,122.8813671,RON
2407,52.62576024,125.3542888,RON
2408,56.98386149,123.4895493,RON
2409,42.91831747,126.1038447,KRIS
2413,46.13314291,123.0443979,KRIS
2414,43.35732314,131.1276699,KRIS
2416,41.31028422,122.9169807,KRIS
2421,43.43454965,129.2414856,KRIS
2422,44.47898875,126.3042022,KRIS
2431,44.83328253,127.8799512,KRIS
2432,42.62339472,125.6565422,KRIS
2433,43.36385669,126.35008,KRIS
2435,44.47740611,121.0783557,KRIS
2437,44.01673897,121.0892327,KRIS
2441,44.96307601,131.1055089,KRIS
2443,42.34818129,130.9948497,KRIS
2447,44.74286006,123.0632783,KRIS
2450,44.46238097,126.37618,KRIS
2451,42.87745736,122.6888718,KRIS
2453,44.8194772,125.7294608,KRIS
2455,43.12044701,126.0895337,KRIS
2456,44.33821804,126.5388575,KRIS
2458,42.1787677,130.6951866,KRIS
2459,43.74670699,130.7408213,KRIS
2460,44.1524595,127.738868,KRIS
2461,44.21101159,126.0996832,KRIS
2464,44.86139381,127.4446648,KRIS
2468,47.49925252,124.3037312,KRIS
2469,45.7521002,127.8742094,KRIS
2475,44.1923536,126.5580366,KRIS
2479,47.41273238,122.7606854,KRIS
2480,43.63620668,125.5569743,KRIS
2482,44.9842919,132.9746266,KRIS
2486,43.30692405,127.5957221,KRIS
2488,44.31051529,126.0343638,KRIS
2491,44.86862472,126.4578627,KRIS
2497,42.09032803,117.5694411,KRIS
2499,44.03705575,125.822313,KRIS
2501,42.77256118,129.521184,KRIS
2503,42.6905429,125.9865283,KRIS
2504,46.85284995,124.2288019,KRIS
2505,42.88447155,129.3880959,KRIS
2509,41.48777822,122.0308385,KRIS
2510,45.09981818,123.2313177,KRIS
2514,46.86306011,121.5514709,KRIS
2515,43.58041575,129.7467364,KRIS
2517,42.3479042,130.3720136,KRIS
2518,43.79318594,127.6861866,KRIS
2527,43.74405021,126.377958,KRIS
2528,46.20258292,124.1986458,KRIS
2534,43.17843087,121.9706749,KRIS
2537,43.89679662,125.4732661,KRIS
2541,44.34571146,122.8674297,KRIS
2545,46.75009378,121.7206028,KRIS
2547,44.28126296,127.869587,KRIS
2551,45.90259603,123.0480537,KRIS
2557,43.5798932,125.3816622,KRIS
2565,41.28676039,121.873151,KRIS
2566,46.15201904,124.5993282,KRIS
2571,43.18025234,125.3462008,KRIS
2573,47.01646256,124.2434695,KRIS
2578,44.29638031,122.2406769,KRIS
2584,47.42735942,124.0220576,KRIS
2586,43.05638862,129.8047514,KRIS
2589,43.39161687,127.2704171,KRIS
2590,42.6200569,130.221526,KRIS
2591,47.03626143,124.224585,KRIS
2593,44.19389383,130.2736496,KRIS
2597,44.86356249,122.3556215,KRIS
2600,44.12739806,127.5934861,KRIS
2604,44.1205894,127.6409569,KRIS
2605,43.63851073,129.5261794,KRIS
2607,45.00218579,130.7392589,KRIS
2613,41.666041,129.8845791,KRIS
2616,47.29467946,122.9171689,KRIS
2618,44.21829624,125.9872737,KRIS
2621,46.0496573,122.1472003,KRIS
2625,44.41185486,126.560723,KRIS
2628,44.32038774,126.0170748,KRIS
2630,44.61683214,127.1606133,KRIS
2631,44.59604152,127.1601258,KRIS
2634,42.8848996,125.5330221,KRIS
2635,44.83639211,126.3087477,KRIS
2643,44.66139433,122.0182948,KRIS
2644,43.57329034,126.1836051,KRIS
2645,43.70391106,126.9548327,KRIS
2652,44.87190951,126.0571622,KRIS
2653,43.98725467,120.3111454,KRIS
2654,43.36874526,130.2837305,KRIS
2655,43.6040526,127.2280062,KRIS
2658,42.98424952,125.130924,KRIS
2663,44.6798543,126.1789618,KRIS
2668,46.88403803,124.5312584,KRIS
2672,42.87758006,122.5739221,KRIS
2673,42.94939519,130.7064445,KRIS
2679,43.04213556,129.4928124,KRIS
2680,43.9365686,125.5763184,KRIS
2682,43.46804083,126.2636275,KRIS
2688,42.77336115,129.7690744,KRIS
2689,42.12556139,129.5234127,KRIS
2696,44.61279873,122.015911,KRIS
2703,43.5651321,130.7282647,KRIS
2706,43.19232118,126.3835657,KRIS
2707,42.8711463,126.7311333,KRIS
2711,43.09580104,129.5106158,KRIS
2713,44.58151505,127.1694227,KRIS
2717,44.90738765,121.8192599,KRIS
2725,43.97789589,122.4589974,KRIS
2730,44.29968971,121.686511,KRIS
2731,43.17243332,125.1984311,KRIS
2734,42.92297636,125.6827023,KRIS
2737,42.82147056,119.9524042,KRIS
2738,44.71740638,127.6307436,KRIS
2740,42.75814903,121.7045241,KRIS
2741,44.06713751,130.9111058,KRIS
2743,45.46534455,124.3396371,KRIS
2745,45.16858073,123.3568912,KRIS
2747,46.26466342,124.3287778,KRIS
2748,50.2405049,123.855652,KRIS
2749,43.96968452,126.2981548,KRIS
2752,43.81916422,126.9234314,KRIS
2754,43.64430842,126.2057563,KRIS
2755,45.27491045,123.3118418,KRIS
2758,44.24812377,129.6414546,KRIS
2759,44.72740414,127.3645928,KRIS
2761,44.49018945,122.4061532,KRIS
2768,47.04639767,122.1342876,KRIS
2777,45.64347723,123.2181678,KRIS
2780,46.09064267,122.6655694,KRIS
2788,44.02590013,127.2752993,KRIS
2793,44.64923863,126.078987,KRIS
2794,42.58856039,130.8309084,KRIS
2802,46.23947829,122.916755,KRIS
2805,44.70398758,120.0354083,KRIS
2809,43.75033435,119.883246,KRIS
2813,46.27002643,122.9668355,KRIS
2814,42.1879883,129.5520197,KRIS
2836,44.14551727,126.3563705,KRIS
2839,44.25402577,127.4182723,KRIS
2843,43.77315516,127.130988,KRIS
2846,43.96286149,127.5597604,KRIS
2848,46.61680552,123.4234884,KRIS
2857,42.24974187,128.7383407,KRIS
